ds,yhat,yhat_lower,yhat_upper
2022-02-17,35192.987467873674,30658.18702052277,40070.71991915688
2022-02-18,35624.85859839897,31196.971717515335,40109.606375342126
2022-02-19,35958.51197819325,31566.055811508042,40346.18205137922
2022-02-20,36326.507384968296,31875.144470035764,40598.18669468474
2022-02-21,36924.12908976617,32268.278157780896,41530.97093264718
2022-02-22,37303.742258306935,32517.337715411268,41340.15602764962
2022-02-23,37883.584810928485,33167.86302487612,42504.45702996011
2022-02-24,38202.45772977816,33777.27161019284,43092.47913712449
2022-02-25,38665.37816666616,34223.15271367584,43542.881826766585
2022-02-26,38999.106633121075,34816.0946443958,43644.38717075152
2022-02-27,39337.55497322633,34720.11949156588,43747.05379419065
2022-02-28,39877.915741732824,35525.015552446865,44329.68204010134
2022-03-01,40174.95317923004,35705.10911332435,44451.86228467058
2022-03-02,40649.719175674414,36167.353114442,45442.21102240184
2022-03-03,40844.15944850144,36340.596211722215,45816.41937587785
2022-03-04,41166.676696924675,36349.060067595885,45690.41052309059
2022-03-05,41347.56452390697,37051.86604584428,45917.59994031898
2022-03-06,41524.321367839315,36936.13965415751,46181.59291264287
2022-03-07,41897.687569476926,37432.72208992711,46765.91577526599
2022-03-08,42025.84816308591,37603.38308836102,46769.4968980002
2022-03-09,42333.06701096334,37633.5864383954,46938.53951052125
2022-03-10,42364.21950875089,37672.48809177041,46990.1169862393
2022-03-11,42530.29234762863,37878.58408426714,46789.04509173902
2022-03-12,42563.76553140853,37865.507035540024,47011.44153101218
2022-03-13,42603.88694743933,38036.71880494258,47008.274027462576
2022-03-14,42852.68330312738,38585.28012259198,47363.62769882237
2022-03-15,42869.150322202855,38382.597154167874,47795.15360508738
2022-03-16,43077.887744694344,38614.96288119156,47231.59921802869
2022-03-17,43023.64591382873,38522.5669670509,47594.91883522435
2022-03-18,43116.851644213995,38291.81383886389,47945.2209206226
2022-03-19,43089.02746101073,38452.84991028354,47469.62173911105
2022-03-20,43078.11312332667,38445.07516287803,47558.520807037006
2022-03-21,43284.53162674946,38499.189613632836,47751.76082832723
2022-03-22,43265.44078291646,38978.47522399285,47689.5520610713
2022-03-23,43443.43400004641,39030.38320694552,48231.37027514927
2022-03-24,43361.15506189339,38782.8554024408,47905.3026182312
2022-03-25,43426.89260802104,38722.0158193176,48067.44995838176
2022-03-26,43370.06645312063,38998.807133555274,47887.684731700465
2022-03-27,43326.61283682974,38757.158042227056,47875.45530801942
2022-03-28,43495.10909673354,38969.74263983278,48074.969337468516
2022-03-29,43431.07738462799,38760.99808155819,48216.47774024335
2022-03-30,43555.72979749042,38734.50983442142,47924.88543795077
2022-03-31,43410.618734954434,38744.0836474468,48201.128599168704
2022-04-01,43403.257484765556,39011.04742783641,47810.805824505595
2022-04-02,43262.62278061922,38586.95282682148,47599.37083873249
2022-04-03,43124.546304919364,38771.42661791714,47825.18041250798
2022-04-04,43187.83583887121,38878.39261987458,47610.90725554144
2022-04-05,43008.56614263465,38293.757353536435,47451.13398336194
2022-04-06,43008.802666015305,38641.64813567216,47314.968323723784
2022-04-07,42731.222854558946,38179.00265660746,47304.70572875761
2022-04-08,42584.70119529537,38170.46927462869,47476.893730453616
2022-04-09,42299.77103803097,37494.04848478384,46970.84903467992
2022-04-10,42013.97156065228,37392.279640101115,46430.60618664084
2022-04-11,41927.92203491061,37488.31585409001,46662.37535957897
2022-04-12,41599.56494078184,37136.344415192085,46028.054473893884
2022-04-13,41452.842460826694,36928.791641810705,45789.508494862974
2022-04-14,41032.27247247253,36607.49613498274,45851.5215610231
2022-04-15,40748.49141794761,36361.914043125835,44895.76828635677
2022-04-16,40333.678170853,35791.46012990398,44833.106391610294
2022-04-17,39926.86816953267,35558.027095549725,44632.69482892774
2022-04-18,39730.00067169197,35332.97883499851,44498.060894598726
2022-04-19,39302.141157570535,34859.731552371646,43829.32039408725
2022-04-20,39068.14366593178,34258.107574230016,43360.43587300573
2022-04-21,38573.21920740962,33845.77191730617,43036.15111681844
2022-04-22,38228.47744285582,33934.3794357564,42568.74473143925
2022-04-23,37766.35534953382,33275.36566509118,42457.94089954661
2022-04-24,37325.9415661909,32414.385006524455,41893.93409635653
2022-04-25,37109.0385360258,32570.521207042828,41498.883022104776
2022-04-26,36674.403614494164,32365.941986548038,41288.95147800068
2022-04-27,36446.432975648975,31874.5999559969,40829.166684441356
2022-04-28,35969.75345798304,31417.06219508389,40410.39029661033
2022-04-29,35654.7885265157,30990.143962851682,40066.47190984909
2022-04-30,35233.21103980209,30521.592630327013,39670.44119787289
2022-05-01,34843.2906527664,30397.130110824855,39652.77451254481
2022-05-02,34685.977052998554,30232.503253247178,38985.21130801982
2022-05-03,34319.1595129179,29793.832099658135,38816.43337528239
2022-05-04,34166.366007074976,29883.337765422046,38978.90209434859
2022-05-05,33771.36662391924,29511.377025801194,38219.90829808869
2022-05-06,33543.74720708054,28865.433515162553,37717.129878487176
2022-05-07,33214.3659027981,28790.805814397678,37802.99232311147
2022-05-08,32920.700499873725,28571.782449850944,37508.56249385884
2022-05-09,32862.92814385961,28423.51943143443,37679.87829446091
2022-05-10,32598.178337691625,28019.211749602557,36959.596696603985
2022-05-11,32549.22309494965,27941.627612839136,37048.3428291117
2022-05-12,32259.069699928597,27656.7593911027,36582.08776371122
2022-05-13,32136.522820648654,27557.382380303614,36525.889887749574
2022-05-14,31911.629515791217,27307.326633519257,36613.64485483766
2022-05-15,31721.01590466307,27032.716831073536,36360.89013147644
2022-05-16,31763.957947004074,27139.41493652428,36341.922546884634
2022-05-17,31596.628056845504,26784.7126094963,36058.14506148578
2022-05-18,31640.782141402662,27096.786771524832,36232.178472987085
2022-05-19,31438.353125653528,26907.785050425027,35991.170385420875
2022-05-20,31397.01816950143,26860.736655019555,36080.046254954264
2022-05-21,31245.65341113109,26355.724807418643,35558.09094075667
2022-05-22,31119.685113445717,26650.696934299616,35810.38981420683
2022-05-23,31217.179572922465,26662.127505635708,35398.188066432915
2022-05-24,31093.113228849743,26441.422542048527,35736.81657695311
2022-05-25,31168.087082268976,26603.598264791002,35541.58514945917
2022-05-26,30982.950818764297,26408.252991490022,35335.139490659494
2022-05-27,30944.403007714023,26469.651535078083,35195.412683365925
2022-05-28,30780.480233173243,26430.658921271188,35217.00055029093
2022-05-29,30625.942939669803,25641.598982306594,35259.59537338975
2022-05-30,30678.399177405117,26094.986171934972,34870.54224975162
2022-05-31,30492.60646613595,25634.211942561822,35350.68635295835
2022-06-01,30489.214664720144,26056.614619977525,35139.51536897452
2022-06-02,30209.41405557216,25638.57450426952,34485.324675490854
2022-06-03,30159.914950470607,25300.628894337147,34468.70193607469
2022-06-04,29970.36548562586,25611.315749276837,34510.27258434369
2022-06-05,29776.82495640989,25391.29009529318,34558.47247610506
2022-06-06,29778.522833408584,24934.470871584766,34177.84281675492
2022-06-07,29532.14845155709,24884.81117433441,34463.34993741541
2022-06-08,29460.57303044061,24591.21930329659,34275.598953074164
2022-06-09,29107.468299062744,24333.763314481672,33856.06148964805
2022-06-10,28882.887315928932,24714.4061360016,33140.79644666054
2022-06-11,28518.719935945177,24109.92085941843,32710.73837653526
2022-06-12,28154.030710132494,23622.13270247863,32883.93846873903
2022-06-13,27991.120828131094,23430.73075474732,32594.171733560946
2022-06-14,27589.755174615337,23106.116707161247,32052.985410723246
2022-06-15,27375.818655222538,23202.161920898237,31933.59638002981
2022-06-16,26895.867664101926,22110.21944656801,31247.81951442848
2022-06-17,26562.643981261837,22229.218562934868,31049.63209003478
2022-06-18,26110.465300568878,21478.122114361508,30877.653718718968
2022-06-19,25680.50192657175,21245.761965987567,29979.3282069085
2022-06-20,25476.782954769522,20881.767966822626,29810.798873259497
2022-06-21,25060.374613535496,20693.340416178267,29779.418965246718
2022-06-22,24857.996384604907,20159.84322947714,29237.697313413533
2022-06-23,24416.54204479748,19908.540237359717,28811.45751979657
2022-06-24,24148.573956757144,19502.1291135458,28746.934406535584
2022-06-25,23787.7055837818,19249.926282657252,27992.840742281995
2022-06-26,23473.882248609654,19030.54316069704,28248.61452065172
2022-06-27,23409.403620464745,18876.02843192625,27829.919412444815
2022-06-28,23153.13045567327,18444.68281345042,27582.671723034135
2022-06-29,23129.140731587533,18575.07066847864,27748.38152758816
2022-06-30,22881.301522713256,18402.196422331694,27216.684805149784
2022-07-01,22818.823853187376,18241.562692727002,27395.15972628837
2022-07-02,22671.71413275955,18293.16501877632,27130.308176258368
2022-07-03,22576.130587571566,18236.595234921504,27123.059540862574
2022-07-04,22730.4863618673,18081.378416685122,27403.484660817874
2022-07-05,22689.739855108633,18063.612900969987,27422.81997914467
2022-07-06,22874.135372910172,18679.901606711424,27721.70284566725
2022-07-07,22823.858334066666,18029.871042414103,27457.88067545636
2022-07-08,22970.68414363894,18732.496591335163,27328.77201293885
2022-07-09,23015.462462279193,18547.26094271846,27304.358094226467
2022-07-10,23091.583087295076,18358.964803107745,27604.27440850085
2022-07-11,23395.1236967082,18656.30098334844,27955.835715563266
2022-07-12,23479.188378507137,19051.50183284068,27909.846268669422
2022-07-13,23762.684828123303,18909.81582296236,28341.947493026062
2022-07-14,23785.003535789183,19424.07699572589,28392.958718400423
2022-07-15,23951.6635137687,19350.786443214423,28588.01939702422
2022-07-16,23989.83590460864,19476.94926300787,28507.173395654772
2022-07-17,24033.752097690165,19512.164521447252,28643.513250727712
2022-07-18,24280.83677905309,19903.82736763951,29010.717042196746
2022-07-19,24286.00579697685,19600.98056720797,28601.213092029895
2022-07-20,24470.39182927099,19695.52148777004,29015.710680877593
2022-07-21,24375.96259596375,19995.305251925867,28992.929657107143
2022-07-22,24411.097839596037,19872.237293165526,29278.847777222916
2022-07-23,24306.038290330172,19579.31230033085,28620.960651562815
2022-07-24,24198.215270793473,19668.966572379435,28612.976249387808
2022-07-25,24288.30348814655,19553.585826401264,28689.313809472722
2022-07-26,24134.43905386271,19689.501396248575,28576.886368111314
2022-07-27,24160.86785018811,19183.041056595008,28690.561030316137
2022-07-28,23912.491035083716,19443.237960686274,28555.132072354394
2022-07-29,23800.375813737435,19310.593323247394,28195.53952465521
2022-07-30,23557.14640404832,19198.877334778535,28042.009106740745
2022-07-31,23322.26531781572,18600.569306141908,27830.62545779443
2022-08-01,23298.04868770872,18907.295032470156,27962.26168103497
2022-08-02,23043.858546377494,18554.815708076003,27511.47691946523
2022-08-03,22984.73770232554,18214.414784437467,27570.57083985901
2022-08-04,22665.954176248943,18074.46429542011,27361.237947876925
2022-08-05,22498.523140673293,18123.689101492913,26981.469041241362
2022-08-06,22214.62075493209,17975.462405869504,26685.803300123476
2022-08-07,21952.899148809654,17200.55690939579,26243.93291407059
2022-08-08,21914.545110418745,17280.368272555934,26314.42205016259
2022-08-09,21657.523939567007,17538.25469593803,26181.017562771925
2022-08-10,21605.272439226006,17009.13176429367,26319.7858608819
2022-08-11,21301.30615989446,16603.628971219085,25849.000208308582
2022-08-12,21154.806832579037,16572.229186447224,25728.631528182894
2022-08-13,20896.102531492746,16539.054842952857,25318.725730855454
2022-08-14,20662.047418495687,16181.287877578747,25204.8592188942
2022-08-15,20652.142011867494,16256.198677367738,25275.054503288327
2022-08-16,20422.833396450143,16076.97122190709,25194.6757264373
2022-08-17,20396.257694326367,15884.584621160619,25023.442701163327
2022-08-18,20114.888442454132,15986.884176958734,24330.499808804263
2022-08-19,19987.155646103234,15262.915127059896,24602.872085768828
2022-08-20,19742.94696344637,15154.031315843566,24257.98245393412
2022-08-21,19518.997662177047,15095.056943989379,24413.60589445039
2022-08-22,19515.009692488915,14841.399551988041,24034.903687298534
2022-08-23,19287.939592755407,14833.436550884899,23720.43184372021
2022-08-24,19260.717972844428,14902.111252061026,24007.92180635219
2022-08-25,18976.86501493154,14370.911260514353,23612.538855209354
2022-08-26,18846.067860783456,14584.524082025588,23161.012255947753
2022-08-27,18599.632714052816,13969.220305032795,23182.7312890223
2022-08-28,18375.819902823743,13884.44057073838,23189.512045223906
2022-08-29,18375.904033324383,14101.648971593198,22756.987096940094
2022-08-30,18158.400865557996,13730.941376736526,22704.90868137024
2022-08-31,18147.725639583616,13642.762750805216,22287.785734716774
2022-09-01,17888.749284866957,13332.291461038856,22367.846560861963
2022-09-02,17792.320322060867,13070.13087932008,22069.43556532977
2022-09-03,17590.667114328382,12916.109436273233,22202.407240582615
2022-09-04,17422.69037385859,12223.160156066235,21893.09173547891
2022-09-05,17489.98949533259,13079.41749567359,21872.54733133927
2022-09-06,17351.065523355417,12644.698501893025,21928.959209150304
2022-09-07,17429.96635709278,12835.970752331898,21724.846866617685
2022-09-08,17270.84116918539,12624.730538076741,21912.3970092142
2022-09-09,17283.47204469199,12773.286953484021,21767.285775074455
2022-09-10,17198.69733747258,13023.857104665642,21699.414175810318
2022-09-11,17153.736136627005,12766.718525854398,21437.128705541112
2022-09-12,17348.256561928887,12952.520874682523,22193.385296803077
2022-09-13,17338.629526363722,12643.3376399082,21852.71060208834
2022-09-14,17546.632117532958,12890.875162116998,22101.187820609553
2022-09-15,17514.065883009367,13412.289492154381,22344.072797545352
2022-09-16,17483.402327607888,12724.744112002238,22170.17917294913
2022-09-17,17348.137175973585,12890.457636555038,22200.24987993422
2022-09-18,17243.322550959547,12530.21675419433,21691.492740897334
2022-09-19,17366.655828785137,12757.726146347188,21402.028733404615
2022-09-20,17272.795678954477,12640.59915491825,21751.527705921577
2022-09-21,17382.121312434516,12661.318681702314,21732.245620821446
2022-09-22,17235.398452043464,13101.838558429115,21493.95535312649
2022-09-23,17239.416603241916,12707.042978197976,22059.611468517047
2022-09-24,17122.508834335094,12482.543821946663,21585.11755107203
2022-09-25,17019.96040965464,12351.184961570045,21646.45352514973
2022-09-26,17130.146278538006,12328.351362700572,21756.987241873587
2022-09-27,17008.8367594444,12362.382127608278,21424.68071775105
2022-09-28,17077.93376186475,12572.817387096138,21518.291894405287
2022-09-29,16880.101570056024,12082.531414715837,21443.380351712447
2022-09-30,16824.357640793845,12182.883420324162,21328.19147663652
2022-10-01,16641.535839125485,11855.383500210643,21297.293645481423
2022-10-02,16469.629978457342,11922.403931557763,21074.044060054075
2022-10-03,16509.85945578087,12153.20319766852,20974.19177665638
2022-10-04,16320.898323903897,11794.065904413324,20780.868142602878
2022-10-05,16327.532303138189,11954.489390580924,21288.97411499163
2022-10-06,16075.210011098656,11578.11127139013,20434.998165348003
2022-10-07,15975.556146728963,11671.974846897801,20192.522540689075
2022-10-08,15761.761298930363,10669.239205457674,20013.019735467344
2022-10-09,15573.858388744897,11051.0278427374,19904.923253480712
2022-10-10,15614.72951123059,11180.49850483495,20020.0302759882
2022-10-11,15444.286267893023,10697.680828803881,19928.912595493362
2022-10-12,15488.08956199989,11092.267312225658,20297.163035371585
2022-10-13,15291.87628131262,10798.274863445205,19987.74772865505
2022-10-14,15267.06139056323,10575.649500040181,20113.007756745912
2022-10-15,15146.130505269679,10715.659485939954,20026.486582299618
2022-10-16,15067.93295783854,10615.80467078734,19418.410667328357
2022-10-17,15233.718722362968,10674.16222884681,19722.235900574466
2022-10-18,15201.36149661064,10671.014526071553,19461.64913374554
2022-10-19,15394.03274935418,11109.730993894718,20264.24214129138
2022-10-20,15354.792653283117,10635.741394896175,20013.47985401284
2022-10-21,15488.332142679425,11171.761864001899,19522.547096575036
2022-10-22,15527.941520894577,11087.626692907785,20026.888318365636
2022-10-23,15609.388583338243,11211.466485275938,19963.570685018658
2022-10-24,15930.872065502646,11635.980407900914,20725.18085828309
2022-10-25,16047.32789155227,11828.459652992002,20485.288596567927
2022-10-26,16379.183106524286,11913.157539079128,21209.674425377547
2022-10-27,16467.021090955106,11797.683119556586,21017.213776974862
2022-10-28,16717.222608918695,12233.066747368706,21306.98711350796
2022-10-29,16857.493759211065,12567.621877564503,21442.041732840935
2022-10-30,17022.28692488151,12208.910767345571,21456.931676600878
2022-10-31,17408.954372643915,12507.10894406302,22084.88770432849
2022-11-01,17572.07339637628,13034.75750636477,21813.04397425479
2022-11-02,17932.20482022159,13277.284202396071,22478.451094551627
2022-11-03,18030.548290301012,13586.91812623915,22593.138113190726
2022-11-04,18274.55916072424,13744.829601448038,22802.512250553333
2022-11-05,18393.438717639554,13939.996655329483,22639.974788114076
2022-11-06,18523.50491270477,13705.743692039907,22916.155052085527
2022-11-07,18864.28470664702,14289.199809215299,23267.69205025532
2022-11-08,18972.76869900144,14702.0317311146,23265.73759816847
2022-11-09,19272.091924021373,14651.117400999,24072.3670311452
2022-11-10,19306.106530199526,14902.317748672653,23923.722702659445
2022-11-11,19484.91359577576,14791.448824521192,24028.53499159148
2022-11-12,19540.268358362067,14876.966539957019,24259.23731736624
2022-11-13,19610.86857852991,15018.614015329957,24214.758511940297
2022-11-14,19898.36962603463,15188.420953425128,24331.812977897167
2022-11-15,19961.56931910897,15409.04347308907,24660.57485630523
2022-11-16,20225.0285476985,15811.07834146638,24784.535721407196
2022-11-17,20233.595281122532,15442.502332121252,24776.14867804337
2022-11-18,20397.900770745102,15917.088695256118,24730.987821559902
2022-11-19,20449.74341126011,16033.170458535555,24955.29049833386
2022-11-20,20527.37075563633,16023.544119830301,25038.915073682645
2022-11-21,20831.50361165248,16216.23441163945,25372.93122047982
2022-11-22,20919.545140288534,16149.279231773393,25293.98944162136
2022-11-23,21214.24042694107,16643.573045768637,25829.236205770023
2022-11-24,21258.253128856086,16705.780356345385,25999.287743394223
2022-11-25,21464.618587400917,17145.904021122285,25983.258688156337
2022-11-26,21557.527150618615,16497.53387898755,25959.833606007895
2022-11-27,21672.36596148731,17011.19271247533,26284.094662285293
2022-11-28,22006.940893238818,17242.791022570105,26397.6803332896
2022-11-29,22115.778908629392,17801.4623880128,26644.183893027297
2022-11-30,22418.881620376324,17855.6202762923,26834.132385128043
2022-12-01,22456.393897707138,17962.07290107362,27028.061093599208
2022-12-02,22634.252189512757,18036.081236009064,27453.23228054848
2022-12-03,22679.72361931114,18286.53573673581,27247.594918023326
2022-12-04,22726.8417952037,18162.416040895103,27129.718945310593
2022-12-05,22972.578697327375,18457.646218052538,27663.850444214466
2022-12-06,22971.191115523165,18323.320345367905,27382.63536777074
2022-12-07,23143.002907543218,18675.148671931394,27519.922962034485
2022-12-08,23029.08585047061,18946.70163827494,27648.50306043167
2022-12-09,23036.90313961874,18491.912930430328,27394.661661529473
2022-12-10,22895.82645171098,18550.377659246045,27392.475537734535
2022-12-11,22742.53286327715,18251.99572443918,27597.235953642212
2022-12-12,22777.121815383536,18245.034654078638,27212.57366177545
2022-12-13,22557.391887907877,18284.038833566516,27362.34686284027
2022-12-14,22507.54037391814,18008.710499426626,26927.610243835694
2022-12-15,22172.750532330825,17824.47020028166,26679.87188154618
2022-12-16,21964.733008252635,17385.300613231077,26490.84751447595
2022-12-17,21617.13503731118,16807.627601028817,25986.175855519698
2022-12-18,21270.82661560574,16686.3576365137,25757.08230202336
2022-12-19,21129.90682936899,16241.192748185502,25909.914973900286
2022-12-20,20755.87314010854,16260.814511953326,25283.810584469564
2022-12-21,20576.219593971386,16056.191331678727,25168.29041843137
2022-12-22,20138.931674274536,15498.845040397315,24921.707630883644
2022-12-23,19857.9469103627,15501.498815213456,24423.78837113778
2022-12-24,19468.49719162752,14833.620344581848,24147.485196105063
2022-12-25,19112.343943241525,14896.175954504888,23692.636722593776
2022-12-26,18993.750918022608,14274.423285779782,23643.986740649634
2022-12-27,18673.63850025283,14219.083142204172,23698.08690912512
2022-12-28,18578.186096622398,14030.70189993688,22873.009037417327
2022-12-29,18253.350426325538,13693.515672320418,22754.238316085102
2022-12-30,18158.415562595175,13664.926449126466,22934.666941137246
2022-12-31,17977.2539115503,13324.215298327052,22437.852621969614
2023-01-01,17847.779512511184,13047.075407597924,21857.133777160194
2023-01-02,17969.964884904206,13399.160889798992,22794.95118051074
2023-01-03,17900.09886346411,13684.12221709061,22415.423771690024
2023-01-04,18059.502207744976,13615.95436872191,22570.704986494136
2023-01-05,17989.16589973523,13446.100740087835,22409.70852303291
2023-01-06,18095.37772127924,13879.017872943636,22729.09732775885
2023-01-07,18105.248913559546,13219.212638469311,22690.719979296817
2023-01-08,18152.14741208873,13648.58409139646,22728.790524567383
2023-01-09,18431.87735500164,14047.079299119816,23210.90110580232
2023-01-10,18497.043444466446,13914.22962855484,23003.623341825038
2023-01-11,18765.86130264868,14656.72860355963,23634.47807704419
2023-01-12,18776.87622786276,14391.526231595995,23653.815292365314
2023-01-13,18934.65380373066,14173.54035988748,23326.661715656483
2023-01-14,18965.352451790302,14182.938858845677,23624.743568823244
2023-01-15,19002.183182396944,14601.2257225353,23239.725102596585
2023-01-16,19241.595509759092,14709.257570693708,23562.596805944413
2023-01-17,19237.627905359794,14828.639826394692,23916.23300455622
2023-01-18,19410.684257464574,14546.307719434624,24026.04247171607
2023-01-19,19302.199591687928,14555.076903251258,23756.65987109505
2023-01-20,19320.259854831398,14854.062693145313,23980.66094009328
2023-01-21,19195.087665585434,14771.781838265078,23542.879261569426
2023-01-22,19064.401515007008,14521.93186420402,23689.266881409614
2023-01-23,19129.489965810055,14404.042334606715,23743.205501607204
2023-01-24,18949.4420937392,14477.861049598388,23817.09202193157
2023-01-25,18949.798716924823,14581.243944996171,23358.545034129802
2023-01-26,18677.090873365418,14390.597949313376,23219.91117883114
2023-01-27,18544.333595793152,14096.476293623067,23152.538226709785
2023-01-28,18286.390090305813,13570.02978601305,22955.488887863325
2023-01-29,18045.21687586732,13587.956348714617,22646.329275128777
2023-01-30,18025.834298587582,13767.408120551709,22428.534252731406
2023-01-31,17790.466245117783,13519.172277458265,22172.40262172646
2023-02-01,17767.11583164136,13357.21098685403,22429.707218610045
2023-02-02,17504.045352004756,12912.524564941392,21658.37488701274
2023-02-03,17415.229898748752,13049.401833819176,21944.626792048017
2023-02-04,17235.70067866703,12341.680466039448,21762.00281567894
2023-02-05,17106.78889819338,12454.155826716593,21919.81361679072
2023-02-06,17232.114560802525,12653.376501140656,21714.705928475556
2023-02-07,17171.763333527877,12461.317854129498,21894.854395353403
2023-02-08,17350.91714549525,13316.535533635044,21994.786089682653
2023-02-09,17314.405233288122,13303.975589976493,21939.428406294286
2023-02-10,17472.24308099332,13159.150280697979,22014.624427454706
2023-02-11,17555.072926913545,12614.261455514617,22029.022135959178
2023-02-12,17699.514171735274,13428.187272626912,22202.071013458422
2023-02-13,18104.265157645463,13470.912605878777,22604.227359624812
2023-02-14,18324.396560679976,13514.323117713164,22255.18092297569
2023-02-15,18780.099053864684,14686.206397423808,23554.129942642612
2023-02-16,19011.348982973657,14303.651254738614,23270.838501535556
2023-02-17,19423.556634594468,14977.89469221045,23958.049425734607
2023-02-18,19743.108079925474,15419.292278470473,24657.745663196576
2023-02-19,20102.80648921976,15365.403435230783,24489.699241930713
2023-02-20,20698.052256607094,16288.152243950277,25364.4441004006
2023-02-21,21081.200410287714,16717.930875395065,25593.80620033526
2023-02-22,21670.356602487387,17082.664975078314,26372.591338930833
2023-02-23,22004.074492307955,17449.094748198353,26344.69887201892
2023-02-24,22487.018624889934,17972.946078950277,27108.163007750452
2023-02-25,22845.50377193543,18166.809394976208,27633.595307914646
2023-02-26,23212.917060926677,18446.429331340234,27850.264722258722
2023-02-27,23785.863096799963,19070.660780747938,28551.990521782714
2023-02-28,24118.471815766738,19388.0676299333,28590.683493822784
2023-03-01,24631.131990083064,19857.481651559956,29206.72990342719
2023-03-02,24865.115130377446,20385.239996927983,29194.49757438275
2023-03-03,25228.15607364506,21098.646651786228,29596.80005526325
2023-03-04,25449.90359380982,20843.462424457262,29826.872660310917
2023-03-05,25667.249853260546,21114.863356697955,30289.99634107874
2023-03-06,26080.381439280667,21530.1670804079,30633.28934712083
2023-03-07,26246.994244224377,22040.148812882537,30895.177716138216
2023-03-08,26590.937537948535,22314.673514267797,31410.001576324506
2023-03-09,26656.754255008374,22036.788121019803,31154.188657387866
2023-03-10,26971.185508289316,22849.03187522552,31651.4807110148
2023-03-11,27150.556160134773,22344.662893835575,31555.606121574696
2023-03-12,27334.04836626728,22918.996413331442,31536.401695884168
2023-03-13,27723.710375598886,23556.49703746249,32755.347944592795
2023-03-14,27878.64192883338,23134.39896134712,32639.58069833276
2023-03-15,28223.622344433556,23469.312132466934,32678.423989794286
2023-03-16,28303.648333709687,23948.68311029467,32682.8205295179
2023-03-17,28529.449542360486,23960.24662206947,33056.48150312143
2023-03-18,28632.896245903226,24161.546415509907,32962.328804299286
2023-03-19,28752.30847420006,24388.07722829875,33078.52167013756
2023-03-20,29088.509135306624,24721.16744385393,33815.172818768646
2023-03-21,29199.062614024566,24437.003454415455,33742.985837648106
2023-03-22,29506.962837993768,25153.290242655425,34062.947076701115
2023-03-23,29555.23595862613,24841.758124109856,33969.569048233854
2023-03-24,29752.52366939278,25039.811996017866,33881.90971496583
2023-03-25,29828.559592119796,25526.887530349246,34201.55205174639
2023-03-26,29919.546045502146,25392.515885570036,34374.31975516012
2023-03-27,30224.271895986763,25512.69506017519,34582.09593531212
2023-03-28,30298.4112385935,25494.34897913273,34465.663588576754
2023-03-29,30563.26536060535,26240.341398877288,35301.926513741884
2023-03-30,30560.411822689253,25780.851249072028,34912.148052808276
2023-03-31,30697.32562572388,26301.400967107435,35250.48015942833
2023-04-01,30702.884121344032,26049.841556359046,35074.19856776226
2023-04-02,30712.762503382997,26126.55986872587,35200.38656330841
2023-04-03,30925.560403958094,26484.287243154373,35570.931293482354
2023-04-04,30897.099461705737,26312.936746219286,35342.72151470129
2023-04-05,31049.15471859062,26573.993022001483,35645.49764185987
2023-04-06,30924.084345674848,26446.882409872964,35407.483818734356
2023-04-07,30930.42356595772,26713.946309559396,35640.05607084671
2023-04-08,30798.35553127659,26183.693767753586,35332.37264849853
2023-04-09,30665.067248852694,26190.50469453992,35476.24240801081
2023-04-10,30730.832455292984,26242.48724224595,35495.41023312051
2023-04-11,30553.262749500478,26114.853970587723,35074.202009355955
2023-04-12,30555.99130780025,25967.89464125747,34925.958223809655
2023-04-13,30283.255125416355,25779.34751994,34925.421766052066
2023-04-14,30237.427968597516,25742.893036723373,34789.68016389405
2023-04-15,30058.49336378958,25956.506343201632,34836.31363169021
2023-04-16,29885.316241523476,25343.71958304961,34241.73992675846
2023-04-17,29919.706684277022,25347.774882409725,34732.754170722445
2023-04-18,29720.64253937592,25088.85533109582,34379.87400220126
2023-04-19,29712.93081532728,25005.767914851513,34441.00167218329
2023-04-20,29441.77411546662,24746.610751694625,33809.40122147973
2023-04-21,29318.309436152027,24574.37349072619,33848.75286176254
2023-04-22,29075.033216388932,24410.512486087806,33073.57111260185
2023-04-23,28851.121511701924,24528.93823941748,33588.55863321395
2023-04-24,28848.487603824593,24388.917604184182,33411.97264106003
2023-04-25,28626.018409139084,24411.422226675393,33166.67028280504
2023-04-26,28608.253711786187,24185.725482858576,33178.69873165279
2023-04-27,28339.973543884593,23986.917830943363,32996.054758481674
2023-04-28,28231.760046258052,23763.0307133285,32724.59508596193
2023-04-29,28015.446678103173,23114.555421408306,32025.801553075435
2023-04-30,27829.462643489693,23715.09415916685,31966.022514097564
2023-05-01,27874.91389138234,22962.479892959072,32203.443555515754
2023-05-02,27709.84118150904,23422.6940748148,32794.480937770495
2023-05-03,27757.91848613968,23220.625265096107,32433.825176631522
2023-05-04,27563.05643492141,23203.047491843805,31979.191355528517
2023-05-05,27534.976681815708,22965.0650829313,32015.410009408977
2023-05-06,27404.669783344572,22858.588203043604,32058.501654095227
2023-05-07,27309.74435950425,22888.14074326625,31916.412833579907
2023-05-08,27450.50898109125,22976.95408237906,31917.40737505038
2023-05-09,27384.227540350366,22690.24939190945,31843.495281532698
2023-05-10,27533.811804665704,22934.36571021867,32109.89863978316
2023-05-11,27442.416436567994,23128.52565464669,31806.608292544934
2023-05-12,27519.00305767763,22941.436454664192,32051.60982551055
2023-05-13,27493.78673828344,23496.709057105072,32112.73886185818
2023-05-14,27503.573538173783,22985.31649611892,31844.5778975167
2023-05-15,27747.831423938493,23135.376855536513,32233.21147918433
2023-05-16,27782.936192540103,23297.31063965401,32337.035658056255
2023-05-17,28030.856929406804,23568.45941219885,32668.26030612417
2023-05-18,28033.74703399887,23862.263679215626,32818.90311752515
2023-05-19,28199.50802922546,23494.518411599252,32740.869079024502
2023-05-20,28257.24006489233,23569.984006582265,32394.04043742874
2023-05-21,28342.587932440958,23977.27813003801,32678.26353360913
2023-05-22,28653.825361061576,24321.42276044206,33344.25844890534
2023-05-23,28746.11889728435,24015.669049291566,33171.9010661374
2023-05-24,29040.23580451042,24533.61492518223,33766.625379135075
2023-05-25,29077.16155297139,24399.547553604454,33578.771520003495
2023-05-26,29263.693494830368,24138.355600233135,33685.106429949046
2023-05-27,29327.92381133787,24632.86476924101,33358.625557223575
2023-05-28,29404.61974920699,24828.33560632466,34047.66159118711
2023-05-29,29691.342558821045,25019.18552656959,33925.56711033968
2023-05-30,29742.74556808575,25170.15997449333,34065.923216410156
2023-05-31,29979.31447219373,25402.02171747166,34447.21753008
2023-06-01,29942.01421344716,25232.178550744662,34542.97312339526
2023-06-02,30037.907847733033,25535.733491667408,34520.97599010886
2023-06-03,29995.659354946278,25241.909315204808,34522.115477263156
2023-06-04,29950.927389672455,25589.129581470206,34896.13766833597
2023-06-05,30102.490510477815,25396.75870856742,34423.23353009625
2023-06-06,30006.54362805984,25321.8462614591,34624.13746330238
2023-06-07,30085.42826896979,25529.499081991584,34573.58943805071
2023-06-08,29882.260778882868,25577.08487896627,34601.05526224501
2023-06-09,29806.52386180111,25285.797645580147,34307.906268665036
2023-06-10,29589.533671517696,24888.68117862995,34094.39280183123
2023-06-11,29369.78997120359,24760.6771141854,34005.28552082967
2023-06-12,29349.050672840567,24481.72797934495,33438.0319277083
2023-06-13,29086.57150927556,24126.523168085005,33861.02096419768
2023-06-14,29007.774664756755,24432.538920575043,33521.55258657561
2023-06-15,28658.81190418975,24159.218825035776,33178.613514343655
2023-06-16,28452.089164780788,23874.457145154025,32751.56303461296
2023-06-17,28121.66650335007,23630.213831451947,32762.56651530738
2023-06-18,27808.542656051177,23262.257093956887,32631.23294717321
2023-06-19,27716.667278376208,23131.596198495954,32076.70239898053
2023-06-20,27407.12333949052,22994.84382545864,31908.914029195108
2023-06-21,27306.74513286185,22664.279867599485,31866.06238905926
2023-06-22,26962.63894550239,22683.240993436808,31315.241465713458
2023-06-23,26787.674671774643,22293.014914465235,31159.282296352398
2023-06-24,26515.863360363277,21662.04909675383,30919.602525989205
2023-06-25,26287.630821825675,21837.98505638186,30738.739645743917
2023-06-26,26305.83086709795,21827.638922743594,30862.98106033891
2023-06-27,26129.94095447349,21647.52621810682,30646.932941629846
2023-06-28,26184.7056080854,21558.918569057216,30644.410075887452
2023-06-29,26014.69425915241,21373.821621744213,30529.223657742838
2023-06-30,26029.841080143255,21616.058028892337,30653.346848283898
2023-07-01,25960.880785140547,21128.72553975642,30165.410677182826
2023-07-02,25944.68919439756,21703.238708597866,30218.183480451822
2023-07-03,26180.370635951796,21234.131406252454,30693.435365595014
2023-07-04,26223.533144876255,21651.69723684021,30457.79110734003
2023-07-05,26495.014923040788,21745.77210929406,31133.886106075533
2023-07-06,26535.526663952045,22004.85192418074,31150.484255657546
2023-07-07,26751.275212155746,22179.013638715376,30990.04111739379
2023-07-08,26869.480427544677,22413.948746718685,31631.658844975747
2023-07-09,27023.792004751183,22215.811244697743,31457.550501815473
2023-07-10,27410.44638443137,22835.575823059375,31541.164388081204
2023-07-11,27582.602946577423,22531.084032544957,32365.944375950607
2023-07-12,27959.121393572597,23509.588290296582,32471.253025008355
2023-07-13,28079.24363169326,23551.594842209368,32864.97144448113
2023-07-14,28348.24462097441,23459.860879495383,32840.467246464825
2023-07-15,28492.963389415083,24052.20603073113,33332.47181416349
2023-07-16,28647.220632472545,24327.86300288887,33200.05793868503
2023-07-17,29007.96306091436,24099.779964009147,33449.80080045662
2023-07-18,29129.57406925725,24940.368660115848,33575.2715711687
2023-07-19,29432.61336078965,24756.674800112156,34092.11415134244
2023-07-20,29458.44989290188,24929.897117936085,34047.072796849345
2023-07-21,29614.85396566123,25173.714302557513,34259.90494704513
2023-07-22,29631.461263375586,24932.75108306894,34227.86887464921
2023-07-23,29645.11709988971,25328.084431963183,34272.73613658824
2023-07-24,29855.943025595374,24873.031855391713,34150.76964494499
2023-07-25,29821.56747264881,25202.57671931614,34551.82267048421
2023-07-26,29965.785229243476,25562.441569681352,34907.54361161462
2023-07-27,29833.112251526883,25404.6350600376,34718.43616918249
2023-07-28,29834.303710975368,25451.961308718182,34401.3439293147
2023-07-29,29653.606988053598,25230.04244652426,34276.76325482784
2023-07-30,29478.47485444864,24826.21126070426,33831.72506007612
2023-07-31,29511.15207820852,24774.47858069586,34311.83004379229
2023-08-01,29311.00884075401,24809.31889579994,33755.6556994231
2023-08-02,29303.17147648566,24923.02190963009,33834.92502067436
2023-08-03,29033.060701527622,24510.913404439376,33619.94408949796
2023-08-04,28911.90549045364,24708.911643747528,33710.755984609816
2023-08-05,28672.147261169554,24241.854110116143,32817.78909190037
2023-08-06,28452.743933457346,23831.846337441268,32808.82184720687
2023-08-07,28455.216763654244,23856.959485971656,32782.65662778664
2023-08-08,28237.881788012368,23569.46367952775,32951.01480223135
2023-08-09,28224.530231920762,23819.582528278,32753.82911563002
2023-08-10,27959.02338624438,23168.546538373306,32260.12913430457
2023-08-11,27850.8682999439,23314.04819910477,32466.934140470297
2023-08-12,27630.68700356946,23501.081148570924,32444.324407560835
2023-08-13,27435.586805717343,22727.20860406967,31904.399724361432
2023-08-14,27465.272523750606,23044.41223531184,32298.62722697498
2023-08-15,27276.340483087613,23009.486325376543,31766.550525447547
2023-08-16,27291.016746143963,22356.47245236984,32311.838773700263
2023-08-17,27051.803334374308,23020.375882092845,31700.48610599607
2023-08-18,26967.09726449869,22364.958661464836,31337.495865673736
2023-08-19,26766.69384017145,22534.746176017856,31417.713674639504
2023-08-20,26587.180760191324,21932.25127905931,31188.632072670236
2023-08-21,26628.0632444816,22052.376147353476,30949.757748694457
2023-08-22,26446.059692318,21914.455825242894,30779.11400921559
2023-08-23,26463.830363088506,21908.41844331641,30789.07394690534
2023-08-24,26224.603219912817,21382.77333096107,30591.839273164223
2023-08-25,26137.762469741196,21665.444278616644,30467.466463481585
2023-08-26,25934.312267482306,21294.11819026968,30610.430029808962
2023-08-27,25752.223453774553,20870.14673555875,30150.597369394614
2023-08-28,25792.50507859126,21537.7972540592,30576.16243626464
2023-08-29,25613.441971025757,21156.253408957866,30120.686789589134
2023-08-30,25639.262733411262,20972.061965934994,30307.39508907571
2023-08-31,25414.70427214018,21362.595560751768,30451.260887263994
2023-09-01,25350.540394928998,20437.702557012737,29660.133491674842
2023-09-02,25134.12835140855,20706.072304258712,29964.454303418614
2023-09-03,24949.285797395623,20340.82308517486,29228.29253959772
2023-09-04,24997.736144988037,20183.950484031306,29104.299848833154
2023-09-05,24838.170556610974,20197.5326297218,29672.02858958848
2023-09-06,24894.889458590464,20343.40977816948,29301.11153195288
2023-09-07,24712.351189360415,19957.310616203013,29111.04359609711
2023-09-08,24700.69594124768,20131.009341937915,29037.049328607663
2023-09-09,24591.15970711354,19800.398021676257,28939.722892927504
2023-09-10,24521.387892893217,20090.168504956444,28903.031289120732
2023-09-11,24691.49163016338,20458.879222809122,29159.8167989032
2023-09-12,24658.288779632654,20083.083694832225,28784.25895407482
2023-09-13,24843.994157227953,20290.00869792727,29653.556326693346
2023-09-14,24790.824663682826,20177.694018013906,28905.108475607914
2023-09-15,24906.585840316002,20590.45193584351,29308.520002341647
2023-09-16,24920.152722090264,20610.144472749205,29591.625095757245
2023-09-17,24966.85265907788,20651.509764562823,29692.701687362824
2023-09-18,25244.591059873383,20607.92297713602,29944.40489393922
2023-09-19,25308.15993865035,20613.1420484466,29591.655219503944
2023-09-20,25577.99172312287,21170.33152455121,30132.515300338102
2023-09-21,25594.822027283815,20708.43493000512,30309.788299008032
2023-09-22,25765.326092194526,21157.115664848516,30339.87324150514
2023-09-23,25817.640159847637,21130.064153073603,30388.229590653846
2023-09-24,25886.774108397192,21567.18519946285,30370.105555198465
2023-09-25,26170.755264895928,21868.965456963746,31129.37232877804
2023-09-26,26224.94257878589,21682.111386855562,30589.591569966677
2023-09-27,26470.77327739814,22143.821756445293,31009.672988942584
2023-09-28,26450.405746792298,22144.817323566353,30910.48777527856
2023-09-29,26572.323757955317,22125.617529463525,31327.25566554632
2023-09-30,26566.814088147417,21871.515755765937,31003.631309335364
2023-10-01,26571.324998133347,22128.110896854225,31086.550005681067
2023-10-02,26786.546930927456,22123.381407107274,30901.518070514125
2023-10-03,26770.656341392547,22453.75318105717,31382.545809784606
2023-10-04,26947.986732024674,22080.541964284002,31735.738257262317
2023-10-05,26863.592764384837,22035.425652001104,31460.170732121212
2023-10-06,26928.774803173936,22552.686306638345,31713.657731672203
2023-10-07,26876.478151505777,22223.25396634871,31338.668632924244
2023-10-08,26846.57707059278,22417.01102716632,31414.79573361472
2023-10-09,27041.88638323877,22834.191641119516,31753.444960775043
2023-10-10,27022.34433427874,22876.68092080341,31890.460126111964
2023-10-11,27213.63222363362,22572.273341759766,31752.00654828945
2023-10-12,27161.69829974675,22950.743559937935,31876.226218263233
2023-10-13,27278.254500993287,22774.033666812004,31625.72479459861
2023-10-14,27296.16125662769,22649.154072646703,31866.529877838933
2023-10-15,27354.710569294373,22749.395190550895,31910.445353726864
2023-10-16,27655.65102186572,23022.905345564504,32197.90543021623
2023-10-17,27757.39734118346,23034.269145501596,32222.643728194904
2023-10-18,28083.689709087277,23443.166025374536,32643.99002513054
2023-10-19,28178.169160637888,23545.665472002147,32776.42971132687
2023-10-20,28449.93623430309,24101.124294173926,32649.942406975322
2023-10-21,28629.0063532954,24165.565334572973,33261.95041460351
2023-10-22,28851.67016688548,24720.63581610804,33116.61796852123
2023-10-23,29316.600297139656,25241.638582134754,33769.473723544885
2023-10-24,29579.14478514087,25038.617359970503,33924.040438604796
2023-10-25,30060.070014911147,25623.127498793936,34746.60052751268
2023-10-26,30300.217039050927,25537.056701239304,35160.30854701842
2023-10-27,30706.13612185717,26180.3474898158,35205.510974829675
2023-10-28,31005.610765888836,26623.219863231483,35521.28638662441
2023-10-29,31333.077438855384,26979.32329641315,35861.61151511839
2023-10-30,31885.780695399542,27413.373157738784,36553.442313879794
2023-10-31,32218.10255075148,27711.063205304774,36750.8075621814
2023-11-01,32750.32780481493,28097.593273712835,37334.95846301446
2023-11-02,33023.30855214059,28789.861171272336,37489.50946143439
2023-11-03,33444.0924183008,28928.66500974696,37746.8980891302
2023-11-04,33741.425937196575,29260.419975544795,38325.7807129917
2023-11-05,34051.13985648041,29685.914820485003,38795.4140484769
2023-11-06,34572.25704364538,29974.050479634294,39175.251735567195
2023-11-07,34861.263208912605,30854.28210038116,39683.32468425611
2023-11-08,35340.80384659422,30681.2180484453,39954.94330118549
2023-11-09,35554.272629368184,31010.809549619305,40105.87326879083
2023-11-10,35911.35803434123,31526.54074644021,40578.64200685105
2023-11-11,36143.46202305831,31531.358309201943,40881.03562763589
2023-11-12,36389.00011169977,31780.989279475223,40886.276818763705
2023-11-13,36849.42599640799,32203.570489303886,41182.222115076984
2023-11-14,37083.423519494274,32388.396029715444,41662.88203465377
2023-11-15,37515.53174289036,32982.009467134456,41838.23443789548
2023-11-16,37690.67057726389,33089.254897305495,42239.066693392895
2023-11-17,38019.63570136392,33635.031188342065,42669.42481204485
2023-11-18,38234.47824395847,33947.13666820496,42388.643520510464
2023-11-19,38473.77981747848,33996.44177860173,42966.64783197999
2023-11-20,38938.66700847319,33936.28560374804,43140.63662475381
2023-11-21,39187.00850110549,34609.9160525714,43569.00341329063
2023-11-22,39642.06063253633,35078.79095347245,44287.04172035991
2023-11-23,39847.02837454476,35081.84053603756,44170.642524398674
2023-11-24,40210.609586233746,36052.836236208794,45102.35285741863
2023-11-25,40462.43670121425,36425.27954937959,45447.99287816661
2023-11-26,40738.424744456344,36377.745917283,45332.12353470189
2023-11-27,41236.8677510688,36692.404693283264,45743.63525135142
2023-11-28,41512.724447244174,37010.86306387718,46047.67874199609
2023-11-29,41986.35645777818,37346.51181189757,46187.423776611686
2023-11-30,42198.18335275335,37373.26280673265,46695.36070096115
2023-12-01,42554.31962535503,38145.60100843775,47075.97505970306
2023-12-02,42782.105018782015,38584.153556139216,47689.565908068
2023-12-03,43015.53443860535,38114.98712828044,47248.8657373973
2023-12-04,43451.42702762262,39122.14958666118,48202.79797017298
2023-12-05,43643.77300508814,38895.23665596595,48131.10202231268
2023-12-06,44012.519579904765,39610.59275191487,48562.540193069275
2023-12-07,44098.25865792135,39738.113045981714,48593.763914950876
2023-12-08,44307.88025388867,39927.96714837447,48591.975237975676
2023-12-09,44370.1022933011,39980.71291668485,49061.85076412813
2023-12-10,44420.88278124439,39660.35336003155,48846.571118958964
2023-12-11,44659.554141520384,40189.925471184535,49264.0637191658
2023-12-12,44643.11903755537,39909.74669754206,49199.952215663776
2023-12-13,44794.970162209094,40422.00621765248,49616.19474047052
2023-12-14,44659.49833314097,40008.13205061624,49267.561679142775
2023-12-15,44647.654818277,40397.737833935986,49072.13658111451
2023-12-16,44492.38500560711,39844.46666327382,49122.67565893706
2023-12-17,44333.92168186378,39695.01924394509,48978.1078608459
2023-12-18,44375.82127861048,40013.04978964805,48688.28222217726
2023-12-19,44179.14467464509,39596.34009138915,48668.563006103126
2023-12-20,44171.06842743289,39736.52111744972,48160.164850492125
2023-12-21,43899.38969932993,39566.26282090879,48595.31860089365
2023-12-22,43777.99368594263,39426.11292761102,48439.58340905372
2023-12-23,43542.19927550206,38666.902747867796,47846.86888726638
2023-12-24,43333.993968325776,39081.004590764445,47960.14864644076
2023-12-25,43358.0027797603,38988.36868834297,47786.12201671209
2023-12-26,43175.63508942497,38742.30122679971,47471.84927699521
2023-12-27,43213.67617562059,38687.27973470518,48016.9804116667
2023-12-28,43018.79150342556,38324.546412472424,47297.273186987346
2023-12-29,43003.01279631766,38285.201410650734,47494.88329315917
2023-12-30,42899.12132367999,38118.32700857708,47341.95980077643
2023-12-31,42845.938622554175,38508.55607859036,47352.45153745992
2024-01-01,43044.36807140776,38438.83288772497,47430.06454185439
2024-01-02,43051.62951075575,38288.9150113883,47817.195561381195
2024-01-03,43289.95146487601,39127.651496580576,47935.72080320231
2024-01-04,43301.1864889286,38916.44794378894,47747.9802991575
2024-01-05,43492.41583472978,39082.112484137695,48170.22459739322
2024-01-06,43591.45581388528,39234.0865504197,48376.467174361416
2024-01-07,43732.272887470164,38881.21337592012,48238.14153058354
2024-01-08,44111.14766069672,39547.78420731518,48626.02689526514
2024-01-09,44281.02677490385,39778.74223929323,48662.306273770235
2024-01-10,44660.324171557164,40194.39881934145,49451.5302425783
2024-01-11,44787.63437891111,40066.197882398614,49540.59464628414
2024-01-12,45067.421424310225,40690.90504325812,49705.37417210468
2024-01-13,45225.593513808955,40799.728867186794,49505.23855034611
2024-01-14,45394.96868490504,40385.51942369866,49974.0537021251
2024-01-15,45771.47025028069,40989.7055779129,50598.53692065488
2024-01-16,45908.49016386703,41477.31087159376,50610.44278140713
2024-01-17,46225.68144567573,41373.48462035075,50725.834007337304
2024-01-18,46263.642509651196,41975.691529455195,50687.97499623637
2024-01-19,46429.557717673466,41894.214471960426,50918.57531325136
2024-01-20,46505.474072070385,42308.24399719863,51090.810868889246
2024-01-21,46575.37823680505,41819.20031934813,50638.419050182776
2024-01-22,46839.60026867404,42368.473903177415,51302.015392990805
2024-01-23,46856.29925649392,42230.291741169734,51495.2018598828
2024-01-24,47050.13752619293,42283.15989499288,51262.47611826335
2024-01-25,46966.840746060625,42240.620285803605,51454.674435714005
2024-01-26,47018.71143665845,42596.133029453704,51622.03050791862
2024-01-27,46940.010498981246,42148.749500985825,50903.56184472735
2024-01-28,46872.216889886535,42271.63959337163,51418.756615357
2024-01-29,47020.009506274655,42315.05027366601,51383.52483774228
2024-01-30,46945.41483440333,42221.977427615544,51531.61307875418
2024-01-31,47076.386963874604,42548.28997234536,51370.533124475165
2024-02-01,46961.288167909595,42002.98950132,51283.76940618952
2024-02-02,47014.33948429862,42546.205689967,51352.54373134003
2024-02-03,46970.95739805624,42360.24725288105,51388.79816441033
2024-02-04,46972.98776339424,42556.72261724934,51517.004973726114
2024-02-05,47224.68153315991,42695.933413314044,51551.905405136844
2024-02-06,47286.85584722303,42723.32345508461,51876.32396617707
2024-02-07,47585.506567155346,42884.3581962428,52020.6605222288
2024-02-08,47666.33945716351,43265.88009474006,52788.7846461054
2024-02-09,47940.28798536049,43220.70823477482,52687.97725983552
2024-02-10,48138.93197032892,43907.82135666568,52638.29493516359
2024-02-11,48399.825972439474,43707.249824528626,53133.20271612187
2024-02-12,48922.579460685134,44297.3697114738,53417.333750533
2024-02-13,49263.129540316375,44688.124608960534,53988.14825687522
2024-02-14,49842.46940928626,45382.946657961846,54096.46731858253
2024-02-15,50201.29675019476,45613.03468855302,54623.833949840366
2024-02-16,50745.64704481478,46041.25407535514,55140.09920867237
2024-02-17,51202.42313456378,46894.728592043095,55832.78001827022
2024-02-18,51704.82718621027,47395.40277443303,56075.64208853317
2024-02-19,52448.53458543498,47953.268364265416,57041.26507186222
2024-02-20,52986.048330950995,48341.48507594499,57560.42094925222
2024-02-21,53735.49523495366,49110.460734924294,57658.52715511612
2024-02-22,54235.32666907636,49961.629258896035,58994.79931475523
2024-02-23,54889.9878034562,50628.83753670874,59586.44054388858
2024-02-24,55425.46607047218,50974.418773338264,60054.70934115029
2024-02-25,55974.7248868266,51694.809660564875,60838.53946765547
2024-02-26,56733.862463572994,52127.494549970004,61407.39987280868
2024-02-27,57256.43504941482,52839.51556619679,61914.72757283752
2024-02-28,57962.20707407259,53265.89195067659,62409.12404824438
2024-02-29,58391.79247112262,53971.52440478319,62620.25912653672
2024-03-01,58952.252989312576,54180.90777601765,63666.975830719995
2024-03-02,59372.566353024056,54828.21256359834,63759.310619918324
2024-03-03,59788.972629787015,55147.27096876224,64254.80320187582
2024-03-04,60401.0411163557,55915.99181666678,64840.010532884226
2024-03-05,60765.89960907045,56002.44761961063,65218.910059810885
2024-03-06,61306.89106325424,56954.69997971235,65809.41477939661
2024-03-07,61568.12437796172,56941.50652733785,66163.99655282454
2024-03-08,61959.98743519734,57372.49270453015,66513.03451579125
2024-03-09,62214.53737554021,57660.08642837626,66660.50594554191
2024-03-10,62470.778336668816,57834.62620858084,67040.80550955204
2024-03-11,62930.67053635023,58176.62276299259,67371.94935849197
2024-03-12,63153.31380066993,58577.92310577508,67877.85866007183
2024-03-13,63563.571415751954,59120.136263525725,67922.9564264224
2024-03-14,63706.60153563092,59210.962266864924,68326.70415959482
2024-03-15,63993.364389604925,59590.30806545568,68549.61308229953
2024-03-16,64156.02000925079,59634.27480083345,68813.8181216434
2024-03-17,64333.22608031093,59805.42914754366,68773.74164952541
2024-03-18,64726.1788466056,60361.34820586179,69406.86682829875
2024-03-19,64892.838914354434,60612.27021818428,69525.85605751681
2024-03-20,65256.606327740934,60631.99103279566,70110.26180529612
2024-03-21,65360.91043504532,60672.652172317044,69852.05422200753
2024-03-22,65614.78092341304,60949.79899214187,70323.50667149945
2024-03-23,65748.31278222449,61106.82255035673,70080.94533354866
2024-03-24,65898.03280353472,61340.367169503654,70597.3228596095
2024-03-25,66263.00857146675,61508.97602588555,70768.94747474218
2024-03-26,66399.1398911838,62016.39406137532,71000.54534127311
2024-03-27,66727.89526033573,62466.922472104714,71491.4610581861
2024-03-28,66790.95731150439,62160.95449602065,71507.71766515417
2024-03-29,66995.84223090357,62641.158509564186,71715.08479080844
2024-03-30,67071.40479321047,62106.607672508515,71592.36251523752
2024-03-31,67153.23576995746,62829.24338057055,71610.33460036224
2024-04-01,67439.79212425933,63309.51378475023,71876.43856769252
2024-04-02,67486.6996783295,63478.741745154555,72299.76522958263
2024-04-03,67715.49090973556,63229.50441539311,72450.46421108488
2024-04-04,67668.24213792781,63214.92466506176,72035.62721870976
2024-04-05,67753.17570894558,63058.760542087344,72349.93173818306
2024-04-06,67700.13966125387,63538.75836550146,72215.20537252243
2024-04-07,67645.9726892289,63206.58574202878,72198.37980152585
2024-04-08,67790.5960269348,62930.961544198086,72270.62975955759
2024-04-09,67691.27330068003,63078.89574434538,72399.87055837952
2024-04-10,67771.30243083855,63384.90586872526,72221.9763182297
2024-04-11,67574.60531125365,62892.184435482566,72041.03730863133
2024-04-12,67511.28232790426,63060.14000928559,71885.88533984705
2024-04-13,67313.04559700031,62830.708401058844,71776.05501044804
2024-04-14,67118.54003800238,62519.30213351422,71639.82586286432
2024-04-15,67129.39506747361,62701.132527835536,71958.66448625358
2024-04-16,66904.44895789513,62160.53761638918,71336.66605205306
2024-04-17,66868.41074408872,62438.77909094277,71151.51783022837
2024-04-18,66566.4259956109,61853.021045746995,71072.05198417169
2024-04-19,66409.61388326135,62049.32662731724,70803.59624756718
2024-04-20,66130.48955913135,61829.00572981889,70889.6483024162
2024-04-21,65868.28088154503,61478.59872378175,70411.7075392742
2024-04-22,65824.98197445786,61688.04343744451,70449.66853645744
2024-04-23,65559.58517476289,61207.92728199606,70317.45228325625
2024-04-24,65496.75558927162,61028.77856787616,69875.66976683222
2024-04-25,65181.41377762485,60570.12415992493,69491.25846489404
2024-04-26,65024.29307931363,60499.90981920287,69532.95976751563
2024-04-27,64757.384622429025,59940.21395656404,69081.41646553142
2024-04-28,64519.27802965975,60029.03628325396,69185.5285871811
2024-04-29,64511.239299248,59911.66768243709,68944.76584807943
2024-04-30,64291.46644367211,59974.17950998661,68910.14545242337
2024-05-01,64283.78621310546,59626.80138132314,68841.6812286217
2024-05-02,64032.25663274751,59436.61610866627,68810.53954950416
2024-05-03,63946.74121965267,59351.81675212096,68172.34135267806
2024-05-04,63758.36738990456,59035.044356299215,67935.72276891375
2024-05-05,63604.87690061591,58954.14875965085,68258.62051471356
2024-05-06,63686.70935603208,59239.02424616603,68023.66774422547
2024-05-07,63561.25970785158,59105.3167215777,68074.219292714
2024-05-08,63651.573144987764,58930.945432242166,68288.05672671263
2024-05-09,63500.942522370766,58871.19338467001,67968.55088503139
2024-05-10,63518.4747359645,58869.223171571444,67873.48088627619
2024-05-11,63434.53925592903,58746.7773206189,67619.4514456577
2024-05-12,63386.10728134998,59242.07320006072,67773.86761936494
2024-05-13,63572.82369370341,58974.37122874423,68141.89539696652
2024-05-14,63551.25331125832,58877.44290335404,68171.43590840166
2024-05-15,63743.5658710165,58915.62837586486,68422.61106655847
2024-05-16,63692.12570011777,59185.465923524884,68865.31292971286
2024-05-17,63805.053256382824,59103.9643738042,68196.65112147853
2024-05-18,63811.67241926752,59252.24135589867,68259.8070086188
2024-05-19,63847.85253136478,59350.58920110865,68463.15366634431
2024-05-20,64112.08774680942,59192.413307687246,68304.97506604121
2024-05-21,64159.75539069564,59600.23042043399,68655.5497986282
2024-05-22,64411.81776713292,59935.379288656884,68909.2609062822
2024-05-23,64409.43319102031,59686.116832793705,69463.6438709082
2024-05-24,64559.54303839244,59910.2644231247,69259.07351081978
2024-05-25,64590.3481207815,60274.93779057173,68967.90177397493
2024-05-26,64636.68263078076,59615.000395629875,69386.56589209441
2024-05-27,64896.12730551044,60366.310056859606,69765.72098880971
2024-05-28,64923.30247209125,60744.322489446,69279.3370086455
2024-05-29,65138.60427406364,60467.710212350925,69511.7570913811
2024-05-30,65082.84865218221,60673.595667516696,69296.70129541219
2024-05-31,65162.88864881154,60605.23276306296,69620.35128114186
2024-06-01,65107.11713256141,60503.596022219936,69691.99299766532
2024-06-02,65050.86203977201,60640.42144133792,69615.63115000923
2024-06-03,65192.51472782776,60959.59211056451,69562.56765122528
2024-06-04,65087.83119014501,60688.73931262944,69703.3282084768
2024-06-05,65158.668690063634,60384.79507400744,69819.62621543396
2024-06-06,64947.621848603885,60586.42795005717,69799.78601457675
2024-06-07,64863.62344492496,60612.08867362613,69434.93227903386
2024-06-08,64637.421930329394,60187.98286079874,69239.99056439543
2024-06-09,64406.94310605234,59707.139009895145,68776.24510223421
2024-06-10,64373.3766947976,59830.53660576089,68810.02840236039
2024-06-11,64095.428586639464,59489.33399470166,68585.87816469182
2024-06-12,63998.002111148286,59907.25978748908,68451.68238115708
2024-06-13,63626.77358019454,59340.40925107096,67817.940835739
2024-06-14,63393.72873290522,58697.494552914315,68001.26618319904
2024-06-15,63032.57364877906,58842.3732628515,67539.54006662886
2024-06-16,62684.02907302943,58301.17244069388,67122.76330657475
2024-06-17,62551.8509332138,57830.83924282288,66829.66194289125
2024-06-18,62197.01926501921,57489.35865599817,66711.45008641732
2024-06-19,62046.36079369269,57305.79761184608,66625.00730388159
2024-06-20,61647.0720456014,56985.37492013015,66024.83095050635
2024-06-21,61412.21116148145,56973.68734715862,65990.8351108986
2024-06-22,61076.07334865067,56462.954074755806,65846.79851917115
2024-06-23,60779.46007604488,56310.63371379565,65128.02857951493
2024-06-24,60725.68570190943,56270.436926893504,65300.71767117789
2024-06-25,60474.76438292564,55900.10205742987,64931.71435581673
2024-06-26,60452.04283880542,56186.50573948767,64851.10673074802
2024-06-27,60202.74585604483,55737.89804292224,65151.48794720749
2024-06-28,60137.50238695209,55333.010055773106,64607.15866848518
2024-06-29,59987.7665442469,55838.26268426612,64436.70607231204
2024-06-30,59891.142648708184,55676.898268298355,64453.22652452465
2024-07-01,60047.456785226794,55425.882549300884,64252.482369559664
2024-07-02,60013.01622308451,55451.93356662397,64793.00758683646
2024-07-03,60209.32056060861,56075.589485655255,64901.38786034781
2024-07-04,60177.6895871574,55666.41200671122,64909.811917869156
2024-07-05,60324.87370073188,55692.26361399271,64747.09339028621
2024-07-06,60378.55909044933,55718.29243486371,65335.40908650132
2024-07-07,60472.774733579165,55970.99509298852,65120.28535277676
2024-07-08,60804.0415955184,56131.90211650819,65272.56989503421
2024-07-09,60925.70341937601,56633.97736879664,65375.66810659728
2024-07-10,61256.70114859236,56848.46097909558,65704.49771739055
2024-07-11,61336.25436221851,56695.257089499675,65927.84314385176
2024-07-12,61569.514196685814,56889.458168853314,65985.04844953472
2024-07-13,61750.07659915826,57175.957865739845,66500.43904091977
2024-07-14,61944.473641644065,57420.9330451639,66515.69647394792
2024-07-15,62349.25999258447,57363.8755533176,67180.16117376696
2024-07-16,62518.356744369026,57950.92381383503,67074.6083245049
2024-07-17,62871.803496419634,58274.771483054494,67196.2903593716
2024-07-18,62950.405004166,58533.3819492043,67293.97114734325
2024-07-19,63161.337843397865,59008.89170623682,67846.34361150095
2024-07-20,63233.62950427847,58800.311818217786,67904.75441864831
2024-07-21,63303.51775925687,58996.33616968638,67627.19572872568
2024-07-22,63570.53205682354,58813.77322758932,68035.81576913472
2024-07-23,63591.73822334467,59007.643496290555,68377.91334717981
2024-07-24,63790.41089247887,59359.05850641162,68211.04898383122
2024-07-25,63710.59983276157,59275.561962730644,68330.3611166516
2024-07-26,63762.65777594866,59178.71239999176,68561.65540810955
2024-07-27,63678.644258288135,59198.1732752983,68356.33673240604
2024-07-28,63597.61530299624,59259.27644095804,67956.1934954481
2024-07-29,63721.64251018561,58895.925249452834,68196.46296364075
2024-07-30,63610.00443062035,59245.353818249896,68245.785858325
2024-07-31,63687.81597205535,58850.17239082824,68313.3913373244
2024-08-01,63500.56303653931,59158.93613605614,68050.54535474791
2024-08-02,63459.61068932726,58948.78976652092,67740.35463666529
2024-08-03,63297.59972144129,58864.81591739038,68108.02383470765
2024-08-04,63153.741427224915,58817.41928565663,67796.42599858523
2024-08-05,63229.85380133452,58671.28170353047,67528.35328216999
2024-08-06,63084.58132689032,58522.332893443796,67660.99816220684
2024-08-07,63142.06307815656,58262.52026290442,67567.21521852497
2024-08-08,62946.51502134636,58476.68427564222,67881.58637306641
2024-08-09,62907.79324976271,58170.6772434126,67382.23201554889
2024-08-10,62756.851248227205,58280.39507664188,67710.70005003865
2024-08-11,62631.09909124716,57901.64800991656,67228.48598141578
2024-08-12,62730.505769793774,58293.458423376745,67658.50856887341
2024-08-13,62611.884776002335,58179.643857072755,67097.58961441393
2024-08-14,62697.62565456143,58312.25813559928,67444.69503551454
2024-08-15,62530.33547729328,58138.64509932156,67022.17760169043
2024-08-16,62518.4551947904,57787.44925281937,66815.52887670943
2024-08-17,62391.76237499589,57912.2206504251,67117.63527966556
2024-08-18,62286.76689236388,57722.49064523409,66682.02129581216
2024-08-19,62402.83970530282,58100.35852084587,66944.78183684402
2024-08-20,62296.51410877901,57793.76441236313,66617.27766597658
2024-08-21,62390.22176466943,57987.13179357314,67065.38339546652
2024-08-22,62226.92740806945,57683.23603070614,66803.0432963181
2024-08-23,62215.72747407181,58055.284015810736,67011.84431264843
2024-08-24,62087.3247852308,57576.82442949179,66394.31750799259
2024-08-25,61979.38681374732,57565.90513910096,66428.3552194357
2024-08-26,62092.628897536226,57405.0174846057,66338.67733015082
2024-08-27,61985.06329148181,57466.45678820515,66244.47293167254
2024-08-28,62080.6780584792,57474.84738676487,66614.97213488785
2024-08-29,61924.011556046295,57086.204471587,66176.16877590763
2024-08-30,61925.689719602204,57671.47678349202,66419.98821671685
2024-08-31,61817.84027845324,57071.827065193575,66318.66675218556
2024-09-01,61739.39339257089,57172.503507832385,66159.41729069405
2024-09-02,61892.111981087124,57444.06562281386,66343.03346774487
2024-09-03,61834.79437508021,57308.171626519295,66027.39950397365
2024-09-04,61991.91485594372,57483.928093771014,66406.76901888987
2024-09-05,61908.169148836154,57590.9606999361,66817.74859407071
2024-09-06,61993.99310178327,57335.57332854718,66090.0621645492
2024-09-07,61980.96939900411,57348.16215992915,66801.95980203242
2024-09-08,62007.13216869975,57414.43204721177,66487.33911950442
2024-09-09,62273.012774892035,57683.37629098926,66646.10358301054
2024-09-10,62335.869088512736,57516.005565509804,66672.75014261024
2024-09-11,62618.36311374884,58125.24821220382,67157.30923840844
2024-09-12,62663.15302468804,57987.978142581545,67378.82498753633
2024-09-13,62878.466527913035,58119.28230237118,67604.92510956405
2024-09-14,62993.568822099405,58492.59017174472,67616.65060674562
2024-09-15,63144.13322080111,58448.11048393148,67912.77387178635
2024-09-16,63528.35577014978,58708.8957774013,68287.90972898317
2024-09-17,63701.254093000156,59134.753666957404,67846.68247561376
2024-09-18,64083.41322758391,59573.456714643005,68714.87308389219
2024-09-19,64215.642426656654,59555.02024581082,68796.9784581335
2024-09-20,64504.60782564729,59710.4886652956,68559.62932092436
2024-09-21,64678.35238660294,59787.62297974927,69457.7521760118
2024-09-22,64871.70951979006,60453.53014381427,69383.16159092123
2024-09-23,65282.45030174798,60684.714470837236,69813.28557301575
2024-09-24,65465.60340407537,60643.415174131726,70023.03520356564
2024-09-25,65842.2097151988,61258.88000114599,70080.3003709476
2024-09-26,65953.9751928721,61279.011151644416,70279.24504705929
2024-09-27,66208.88680087312,61657.62307701112,70878.07205718421
2024-09-28,66336.70325958173,61792.356872237164,70669.64714532587
2024-09-29,66474.32770650394,61759.78292036281,70783.1114660667
2024-09-30,66821.90323357885,62486.76866668608,71244.69452018435
2024-10-01,66937.07178917831,62528.23590783995,71282.19851699688
2024-10-02,67243.660088267,63130.329425151045,71635.69014863772
2024-10-03,67286.25797052558,62428.749827928674,71873.68077078061
2024-10-04,67475.756148591,63001.78133548843,71792.82306452996
2024-10-05,67544.75729132532,63063.14232453026,71888.30964877433
2024-10-06,67632.8698158057,63154.468024300375,72341.07888928377
2024-10-07,67942.72762835294,63495.23282300664,73073.40817640764
2024-10-08,68034.17850520674,63624.6492777884,72503.28813809888
2024-10-09,68332.90682296603,63667.209930162,72867.15236349785
2024-10-10,68384.9579478067,63586.56543593533,72737.19363503739
2024-10-11,68602.23284119942,63764.2093074643,73423.54120727433
2024-10-12,68717.86813998272,64354.260722870546,73268.00421610645
2024-10-13,68871.51205436344,64180.91364543558,73422.43666545744
2024-10-14,69265.33992037158,64927.519656768294,73915.15217345623
2024-10-15,69458.25230001583,65124.05223558998,74134.97846682352
2024-10-16,69874.52114000777,65009.282638047334,74257.36118542898
2024-10-17,70058.35070012054,65657.35010451543,74687.00899104713
2024-10-18,70419.42082734214,65953.65119898162,74908.16220784275
2024-10-19,70688.32649481474,66068.1096470754,75185.7854542351
2024-10-20,71001.92228990156,66473.08445086316,75662.49372691895
2024-10-21,71559.41375491166,67202.91278312342,76112.06177393546
2024-10-22,71916.63632171288,67379.56416867429,76549.17204731576
2024-10-23,72494.7850417516,68000.84793463018,77065.0052744213
2024-10-24,72835.05942224401,68423.78105584353,77496.93827722342
2024-10-25,73344.28852315189,69121.75544269609,78052.14800858282
2024-10-26,73750.4478616148,69310.38555571203,78247.97238875335
2024-10-27,74188.07455473515,69903.44881271503,78879.24979021434
2024-10-28,74854.4205360835,70240.63398637263,79510.1462673372
2024-10-29,75303.78276580299,70878.34225607834,79591.71138513071
2024-10-30,75956.27211579695,71372.02973848204,80895.6700050484
2024-10-31,76352.48406820481,71976.19928525892,81269.47696854823
2024-11-01,76899.13559288462,72348.77878551612,81567.64288248357
2024-11-02,77324.57937056953,72855.08303613719,81791.55038226483
2024-11-03,77764.20183487308,73239.99054877924,82279.45607485443
2024-11-04,78416.54533426728,74189.14121606696,83067.15756270573
2024-11-05,78837.59421195638,74355.77933536755,83346.65043844879
2024-11-06,79449.48775209954,74713.14239876061,84030.35264814085
2024-11-07,79795.12475179728,75238.4964895728,84640.80813464473
2024-11-08,80283.7260145749,75641.84437679984,84941.59122340525
2024-11-09,80646.26811630258,76170.01405552017,85449.60494182505
2024-11-10,81020.79729282984,76563.43432894067,85650.06523047823
2024-11-11,81608.46625008159,77319.97211825322,85927.44566264917
2024-11-12,81967.73624524903,77445.53288596944,86256.38904937325
2024-11-13,82523.00991507446,77972.79065055051,86951.29779187073
2024-11-14,82819.16204078359,78359.61082711496,87456.67352170814
2024-11-15,83267.03680646885,78402.87305601558,87511.25162801673
2024-11-16,83598.82692641352,78536.8924089761,88204.98304103767
2024-11-17,83953.34521789967,79430.41204727358,88390.1785999659
2024-11-18,84532.03279742088,80202.25384044982,89405.56438379567
2024-11-19,84893.14723327263,80594.61484175926,89070.80990407153
2024-11-20,85460.39669018913,80727.79304982889,89932.88863137929
2024-11-21,85777.48737099899,81412.77956096073,90186.55873403905
2024-11-22,86253.65247630977,81777.30298781983,90766.10397196094
2024-11-23,86619.07727682401,82248.60516106477,91212.5431965422
2024-11-24,87010.22966787523,82595.36816097017,91493.5027950736
2024-11-25,87625.93878259414,83153.24426248466,92253.75722047631
2024-11-26,88021.66304364621,83225.32495136505,92661.39261231113
2024-11-27,88618.21143827682,84283.88087356497,93705.57904784642
2024-11-28,88956.38283536973,84242.95205817693,93655.21072345396
2024-11-29,89442.58891359069,84913.25705201035,93964.82209642262
2024-11-30,89804.37255283576,85160.85335481152,94296.66620054893
2024-12-01,90175.82830383764,85766.9568281531,94876.11883247748
2024-12-02,90753.76482448536,86437.62863462005,95524.05580969913
2024-12-03,91092.04811967714,86514.06405308345,95582.36812185727
2024-12-04,91610.38704528472,87189.61049536882,96584.50176388607
2024-12-05,91849.02385840808,87215.68005243587,96790.44855369044
2024-12-06,92214.39369493155,87679.97056425842,96867.40962425637
2024-12-07,92434.6635384902,87659.50958675724,97177.51934847518
2024-12-08,92645.15644790392,87900.77997894678,96802.38194959944
2024-12-09,93044.50055243027,88753.1138189767,97400.14238086136
2024-12-10,93188.94175613609,88682.84330519341,97565.69996705759
2024-12-11,93501.08220167363,89001.41719533951,98319.8392217169
2024-12-12,93524.50833840595,88941.1306571883,98026.39827979403
2024-12-13,93669.37398606309,88846.45308416316,98088.04489364155
2024-12-14,93667.85087719902,89040.19757268114,98310.08861216484
2024-12-15,93659.45472341869,89429.39721860898,98226.88389854024
2024-12-16,93847.08889074922,89510.28226491254,98392.47606404765
2024-12-17,93791.24743009875,89456.88998282306,98088.94783950143
2024-12-18,93918.64247009881,89205.41370715824,98452.54556383804
2024-12-19,93776.72284548852,89224.02299954806,98287.55574104162
2024-12-20,93779.1523680893,89124.38535363248,98634.60832112777
2024-12-21,93661.1631433439,89019.37875961486,98287.01338748836
2024-12-22,93564.79471932074,88917.62913326356,98151.43906335809
2024-12-23,93694.86364051419,89490.64429422644,98072.22333212906
2024-12-24,93613.10731386847,88628.88763648966,98252.35391165818
2024-12-25,93746.76896842271,89189.36808703683,98188.45355845333
2024-12-26,93643.0919168362,89143.29724147503,98202.69278881299
2024-12-27,93714.79238248241,89066.81194017568,98465.92700024808
2024-12-28,93695.42664640746,89233.24129562012,98542.49659441713
2024-12-29,93724.66313437173,89032.40294250747,98389.85381331465
2024-12-30,94004.30333293785,89242.90082003799,98861.40482303436
2024-12-31,94092.49425755911,90010.12166874352,98371.0162035952
2025-01-01,94412.39759788128,89922.23093029989,98936.56061987959
2025-01-02,94506.78166314981,90197.52578708524,99091.73405026644
2025-01-03,94783.60293113907,90214.20221447812,99684.20295314403
2025-01-04,94971.49018462858,90304.74185952441,99637.16708727683
2025-01-05,95205.13884883742,90762.0400704759,99756.95058394242
2025-01-06,95681.45625557474,91463.77760270321,99944.04460537572
2025-01-07,95953.89732214164,91520.31421660584,100674.38451229769
2025-01-08,96441.25255034836,92189.17424670904,100645.32302422446
2025-01-09,96682.35135029782,92083.68409288515,101184.83099358896
2025-01-10,97081.74455970938,92405.2316778975,101571.24605053273
2025-01-11,97365.27647480721,93159.194109056,101924.36136362933
2025-01-12,97665.55167478944,93286.01620247423,102146.89797356148
2025-01-13,98178.1354337436,93440.16984881791,102549.92863837394
2025-01-14,98455.92572785493,93885.71537976147,103166.89118644965
2025-01-15,98917.9577546428,94250.52332399914,103244.35712998472
2025-01-16,99104.10349853667,94828.90603150491,103738.96824167836
2025-01-17,99420.73027412723,94575.62302388856,104190.31406450132
2025-01-18,99596.22915291903,94705.76055863331,103947.70181022037
2025-01-19,99766.41965867169,95132.72384577795,104243.59022119654
2025-01-20,100130.67111186082,95530.2555807607,104974.08578479225
2025-01-21,100246.18065848663,95752.24411484318,104805.66087966361
2025-01-22,100536.671313742,96031.88746913435,104862.25440400232
2025-01-23,100546.97529012218,96351.10149079251,104952.86990253828
2025-01-24,100688.56952489146,96278.17546768184,105316.57095995905
2025-01-25,100694.97746493359,95777.42886366078,105169.15233465907
2025-01-26,100707.04673094527,95876.57104384546,105406.77340506163
2025-01-27,100928.94627711637,96477.91661784565,105555.70154286327
2025-01-28,100922.3262303945,96404.32706989392,105558.00032628146
2025-01-29,101114.9067191254,96456.16926693368,105210.55687408644
2025-01-30,101054.96369248554,96471.11995855767,105346.60680207015
2025-01-31,101156.7810591981,96979.55483029701,105717.55109283786
2025-02-01,101155.98523697711,96876.08756009577,105983.8765482818
2025-02-02,101194.77333658586,96566.89569210443,105593.89441696649
2025-02-03,101477.8797276732,96942.58131423187,105876.789953208
2025-02-04,101566.72480406448,97203.08881720327,106346.12371417163
2025-02-05,101888.01238141907,97079.73014067757,106750.01799987997
2025-02-06,101988.24334216953,97097.82424414487,106464.71540763555
2025-02-07,102279.21397453547,98005.88783656445,107094.65782955916
2025-02-08,102493.41374784862,97866.05079539775,106883.67517951452
2025-02-09,102769.33197132523,98328.26667395755,107100.72642636624
2025-02-10,103307.51593021945,98880.3355073174,107320.05268528558
2025-02-11,103664.82184816073,99285.0031332629,107987.30623134585
2025-02-12,104263.1223926346,100107.90069268346,108876.48739221797
2025-02-13,104643.9354501525,100012.66015778379,109283.6712092421
2025-02-14,105214.0396356208,100652.7322059818,109693.75798949979
2025-02-15,105700.9882820416,101326.37056988761,110265.8616441411
2025-02-16,106238.5284274913,101642.94048253864,110682.57761390584
2025-02-17,107022.76460588255,102517.77486014544,111726.50775074791
2025-02-18,107606.5062179246,103670.72956889425,112023.09093555553
2025-02-19,108408.0599072761,104163.59125080754,112551.56971299354
2025-02-20,108965.92971398609,104260.36052181895,113566.67042606218
2025-02-21,109684.4888999972,105268.18524474149,114466.33699454243
2025-02-22,110289.5340439039,105566.61730479794,114793.68021198791
2025-02-23,110913.72721789598,106322.34399048093,115243.7000107114
2025-02-24,111752.76580626103,107313.51403756716,116233.23055117388
2025-02-25,112359.71895047167,107671.33274656277,116915.45067008935
2025-02-26,113153.79269725723,108520.90536101034,117750.48458357858
2025-02-27,113674.98769063155,109298.17384835175,118271.05086927
2025-02-28,114329.71475297755,109762.51709243674,118773.46414919848
2025-03-01,114846.28073811768,110599.75026507594,119236.73755492383
2025-03-02,115360.2525360812,111127.96676323909,119920.73158078523
2025-03-03,116070.54107547138,111610.7598768358,120614.58964067933
2025-03-04,116533.64674864346,111941.62821832232,121275.0041426408
2025-03-05,117172.33086045286,112669.43497850366,122098.65609756135
2025-03-06,117530.17947997779,113219.56102213697,122443.25697113317
2025-03-07,118017.12752305862,113185.1099801314,122815.62459349955
2025-03-08,118364.85780914887,113932.58272621389,122769.47970416387
2025-03-09,118712.08514853878,114276.21068464183,123210.51642194405
2025-03-10,119260.56924221056,114700.00496396117,123841.45290697447
2025-03-11,119569.29946805646,114958.92755744656,124182.09777776607
2025-03-12,120063.11747588139,115503.53017325539,124470.73177132507
2025-03-13,120287.24493641108,115689.35581108351,124869.18897159917
2025-03-14,120652.78486363751,115944.04880276002,125286.34047838763
2025-03-15,120892.11146360762,116229.56829674375,125256.90975885135
2025-03-16,121144.15839680431,116813.56281991272,125736.25884783013
2025-03-17,121610.44870287515,116689.58442730855,125972.08577483242
2025-03-18,121849.30858732027,117297.13502779487,126368.56922689683
2025-03-19,122284.5298109642,117653.91103830525,126634.63566964825
2025-03-20,122459.9465793409,118156.13400457961,127215.07931953465
2025-03-21,122784.99368457813,118079.58193836572,127527.8951633209
2025-03-22,122990.15902037191,118253.44300658198,127036.64664894654
2025-03-23,123212.33841525902,118637.81794532423,127546.6030812537
2025-03-24,123650.93403984183,118988.28617522695,128008.31385716442
2025-03-25,123862.13660160269,119111.66807740969,128451.95212609031
2025-03-26,124267.6541458946,119472.61405813374,128521.94222841722
2025-03-27,124409.3515552116,119912.59365367131,129228.87113424204
2025-03-28,124694.86586012683,119864.53832447366,129371.78043783591
2025-03-29,124853.10905174405,120226.71416487481,129239.36310567979
2025-03-30,125019.66515393926,120431.11337468671,129932.53669646269
2025-03-31,125392.92189531415,120694.97018273186,130077.75222139314
2025-04-01,125528.37656844767,120679.14528676315,130243.8637152829
2025-04-02,125847.37856827624,121181.37075336021,130748.52728301701
2025-04-03,125891.77267455813,121159.81881452992,130894.84987597344
2025-04-04,126069.50845565741,120893.61761087134,130851.35355543224
2025-04-05,126110.1280212809,121104.18959968611,130752.23735679832
2025-04-06,126150.13966924665,121638.13011699673,130489.8065550962
2025-04-07,126389.11877029718,121793.11575442033,131157.39876231836
2025-04-08,126383.97666249267,121850.92937874515,130857.6885836657
2025-04-09,126557.66136888674,121980.89891276462,131439.09879286072
2025-04-10,126453.75561825944,121749.78055205115,131056.40040709346
2025-04-11,126482.0390074203,121412.34530323156,131061.65936829752
2025-04-12,126373.92799369285,121613.45058405338,131232.73528839566
2025-04-13,126267.80267808278,121571.35588908214,131273.19279872777
2025-04-14,126365.06305034363,121356.10161905111,131688.69173541083
2025-04-15,126224.35666793938,121306.70150316853,131078.425841618
2025-04-16,126270.2426227924,121085.10232710716,131221.26544292964
2025-04-17,126047.75812817743,121204.70253592473,131011.57643320604
2025-04-18,125967.9552087134,120980.93525893177,130766.98184546226
2025-04-19,125763.32160504353,120909.86375257504,130461.65094087792
2025-04-20,125573.09504972854,120721.77291587497,130481.62740614905
2025-04-21,125599.3135565028,120650.93000386619,130391.3484985392
2025-04-22,125401.04345013932,120170.37437349018,129977.66450840069
2025-04-23,125403.04954673247,120501.06605330104,130494.94709254056
2025-04-24,125150.37319585042,119637.22689201386,130024.62872711841
2025-04-25,125053.88489775098,119962.68690139032,129961.84176760368
2025-04-26,124845.724720949,119675.51869605207,130110.63696769456
2025-04-27,124664.63870932651,119365.03015539302,129271.07492987816
2025-04-28,124712.05291001042,119530.60870199378,129740.72467581501
2025-04-29,124546.32573290807,119640.60131409351,129556.38220442846
2025-04-30,124591.44206731435,119584.78069053835,129505.74689706575
2025-05-01,124391.6139502764,119414.5673281169,129379.7170050655
2025-05-02,124356.85368308845,119700.02884859659,129184.72301761845
2025-05-03,124218.4319327676,118666.08843443933,129429.47445273417
2025-05-04,124114.22847067885,118756.7657029632,129069.01454891921
2025-05-05,124244.81681139808,118950.27383776617,129317.14147836859
2025-05-06,124167.72327426549,118787.05002815096,129513.40008356038
2025-05-07,124306.1238886634,118531.09453756071,129692.4963123476
2025-05-08,124203.44411466084,119131.28352742408,129169.00401552132
2025-05-09,124268.92762449257,118741.11037935846,129686.32738828828
2025-05-10,124233.08718728456,118666.52270170176,129675.76485702676
2025-05-11,124233.04594986478,118837.19076582158,129909.01203930522
2025-05-12,124468.61112608403,118967.94858485521,129848.54655495049
2025-05-13,124496.52144467634,118814.38570986915,130134.74002901593
2025-05-14,124739.13264899848,119657.85632216878,130153.4791832975
2025-05-15,124739.00690194951,118919.11466444116,130409.94070413423
2025-05-16,124904.47319669249,119033.4937243715,130610.74509537377
2025-05-17,124965.07260886874,119078.96149741125,130826.9889589231
2025-05-18,125056.89738116576,119084.5965625276,130722.64809019052
2025-05-19,125378.66642508346,119709.83902211735,131134.7794712772
2025-05-20,125485.97901056359,119778.17018275471,131047.90563839453
2025-05-21,125800.01118455615,119781.18981298717,131895.56742821613
2025-05-22,125862.12083151437,119985.7734427573,131757.4510690885
2025-05-23,126079.42833933035,119962.69289836271,131660.26095702685
2025-05-24,126180.28637070495,120140.1112201764,131928.6937309836
2025-05-25,126299.64720168509,120039.27508370916,131842.34332388104
2025-05-26,126635.16950190494,120522.95744119218,132607.5899969694
2025-05-27,126741.50545442785,120550.7503692939,132927.7533455483
2025-05-28,127039.03174610683,120780.09672134486,133318.3531950375
2025-05-29,127068.48922420546,121090.68948903776,133091.49031270386
2025-05-30,127236.59699334254,120610.44033595607,133086.73276512313
2025-05-31,127271.55322934396,120806.61453160206,133080.04227127976
2025-06-01,127308.42995484546,120770.90907518203,133842.25734119178
2025-06-02,127545.30248218018,120865.11744069803,133730.29921702127
2025-06-03,127537.55334130494,120774.37901334332,133605.290261761
2025-06-04,127706.6132715911,121331.40254934799,134293.0033095629
2025-06-05,127594.60328532619,120922.66900846815,133661.53356788278
2025-06-06,127609.9429851196,120812.68035817881,134025.6282662832
2025-06-07,127482.83704240673,120749.6054879786,134082.12917221722
2025-06-08,127350.64695509503,120411.28614249449,133880.13166051617
2025-06-09,127413.98891860778,120490.31000638306,133967.6500396537
2025-06-10,127230.99801772203,120660.84589412466,134141.7048577766
2025-06-11,127226.02196582835,120347.50470928,133704.52005554558
2025-06-12,126944.20929473905,120091.07026715646,133024.6408983726
2025-06-13,126797.05830134211,119887.11273726937,133554.16985759488
2025-06-14,126517.83998511634,119992.92672787204,132986.08469218845
2025-06-15,126246.90359120096,119210.42801351957,133397.81434025217
2025-06-16,126187.707220862,118987.54478704341,132575.49662360907
2025-06-17,125901.01543158479,118796.43804695294,132285.7464368665
2025-06-18,125813.52880816514,118508.46148488845,132871.50313823682
2025-06-19,125472.41215294118,117705.84147069971,132625.54511763825
2025-06-20,125290.7892863774,117899.86463420281,132321.55057178912
2025-06-21,125003.11926706364,117436.27002747392,132553.52932649353
2025-06-22,124750.46406351539,117842.73876930482,131879.76087118583
2025-06-23,124736.4913559759,117317.00489327022,131883.46270707352
2025-06-24,124521.65536670036,116605.98907052558,132087.67635685642
2025-06-25,124531.82140342501,116917.97807098673,131691.23018077106
2025-06-26,124312.8011693468,116658.35886524011,131666.28535656517
2025-06-27,124275.86692049923,116944.65442878936,131081.59926003107
2025-06-28,124153.15904544572,116853.66279210502,131773.87827056064
2025-06-29,124082.99654222974,116819.82331826258,131674.06093032946
2025-06-30,124265.9332001713,116670.29573761483,131521.98299852747
2025-07-01,124259.0012200159,116174.01942115522,132240.1665516861
2025-07-02,124484.4065256149,117296.48807227069,132570.35320251808
2025-07-03,124484.14115789959,116016.45054330307,132312.56561447005
2025-07-04,124665.57898104358,116555.41204646464,132550.6665124774
2025-07-05,124756.96728478077,116534.83610486405,132701.75416922948
2025-07-06,124892.82167983998,116372.474355092,132833.4151376222
2025-07-07,125270.06498510504,116864.58388353509,133585.35917286703
2025-07-08,125442.34975744139,116624.26878887467,133642.0283421541
2025-07-09,125828.82671851924,117641.27743608107,133952.37281893013
2025-07-10,125968.82260958974,117316.3656324882,134141.67378652032
2025-07-11,126267.49203548595,117413.89592699014,134602.00603552093
2025-07-12,126451.35445115012,118216.71317705157,134990.18494449748
2025-07-13,126653.72253583453,117421.54349554746,135492.3431887603
2025-07-14,127070.86181351866,117927.90519291477,135523.78796206624
2025-07-15,127256.3206667991,117971.97767127324,136742.57823025758
2025-07-16,127629.69284641658,118841.89146779713,136155.62025851765
2025-07-17,127731.27621213994,118618.82055475765,136241.89908742352
2025-07-18,127967.6928232844,118534.90456854564,137137.11324747946
2025-07-19,128067.38242686336,118852.14473993104,137040.637944134
2025-07-20,128165.97679666016,118893.82333065425,136623.15493636925
2025-07-21,128462.3962703384,119256.07870485031,137651.8313851441
2025-07-22,128513.10935960039,119418.92441495559,137818.92819085633
2025-07-23,128740.8194546483,118849.30393319816,137869.55877385117
2025-07-24,128689.04441544006,119546.4304551899,137708.47491602076
2025-07-25,128767.65630506704,119364.59488276471,137786.9035148
2025-07-26,128708.29547068982,119433.92878993263,137762.39596894712
2025-07-27,128649.66854263522,118696.377468752,137726.6605214473
2025-07-28,128793.57371659148,118796.03740703364,138660.44963397115
2025-07-29,128699.09605569215,118664.80550147762,138286.38568818645
2025-07-30,128791.23848729063,119350.37356039068,138442.54038822945
2025-07-31,128615.45568621582,118868.9423243988,138443.354059102
2025-08-01,128583.15920594799,117931.55269056052,137813.8032553086
2025-08-02,128427.1088457885,118465.56634618745,138281.5084650137
2025-08-03,128286.70026272717,117721.13981714453,137846.41215828495
2025-08-04,128363.99227545259,118138.63270725867,138065.7188668759
2025-08-05,128217.9163234803,117405.29019143982,138610.37671921367
2025-08-06,128272.93313555035,117623.01470394459,137945.5744408685
2025-08-07,128073.60285131945,117715.44466159151,139000.7347850408
2025-08-08,128030.13571191044,117365.59199418916,138326.27134634153
2025-08-09,127873.83680123951,116962.50299243428,138079.81459713134
2025-08-10,127742.45312565162,117499.73495035835,137824.15918107814
2025-08-11,127836.26459463949,116834.55868521408,138715.47565684924
2025-08-12,127712.35937369395,116655.24478327375,138346.446498725
2025-08-13,127793.35662355642,116517.59824435473,138128.81417123775
2025-08-14,127622.04084265254,116305.81173151983,138371.49387435592
2025-08-15,127606.97297385524,116622.2690599091,138278.2364313094
2025-08-16,127477.98993377478,115700.28053354466,138294.9834374971
2025-08-17,127371.59921311137,115918.55061387157,138332.70096556068
2025-08-18,127487.10870494602,115594.51040063836,138282.1417402215
2025-08-19,127380.93110068318,115166.59457148332,138219.16414385263
2025-08-20,127475.32504438312,116213.74643302578,139015.16848984335
2025-08-21,127313.03677055122,115843.29757997225,138108.09875976003
2025-08-22,127302.90724073505,115642.58306507482,138911.3490851652
2025-08-23,127175.35664103425,115537.63981270463,138097.91353176066
2025-08-24,127067.75343585965,114532.03227296312,137933.13767223703
2025-08-25,127180.50900763218,114841.41756176876,138940.8706627456
2025-08-26,127071.33839398818,114552.54689542393,139495.16195916114
2025-08-27,127163.95074846542,114532.84226516617,138693.16067298222
2025-08-28,127002.63490446398,114966.08287018008,138580.96863889185
2025-08-29,126997.8068816807,114524.3106735085,139225.60885888012
2025-08-30,126881.43313444717,114179.66661596441,139028.03718188833
2025-08-31,126792.33872905021,114283.79554182407,138558.9046191133
2025-09-01,126932.24346491712,114477.28484865883,139112.30233204557
2025-09-02,126859.96836915563,114254.90545895495,139212.6755169052
2025-09-03,127000.07798208413,114093.8260165994,139585.32134600164
2025-09-04,126897.42542365169,114190.8519863943,138953.28061878082
2025-09-05,126962.66845858251,113395.29121316843,138952.460933531
2025-09-06,126927.671463641,114498.86599224972,140164.3353114423
2025-09-07,126930.80327842577,112758.16461902269,139313.07352334072
2025-09-08,127172.97441345229,113621.93689982884,140003.20287074914
2025-09-09,127211.8561527448,114265.71464097452,139913.50474098235
2025-09-10,127470.54671981774,114055.17734501431,140430.58236341114
2025-09-11,127492.15089731736,113798.01009727381,140452.3885473156
2025-09-12,127685.34038367671,114223.13718567771,140052.3436676397
2025-09-13,127779.80854715982,113810.78860643314,141028.75131797924
2025-09-14,127911.62804282075,113971.20488245979,141050.66028483695
2025-09-15,128279.35302151533,114543.4700818076,141776.0557879862
2025-09-16,128438.3065459945,113980.98194181595,142314.361250744
2025-09-17,128809.31634011272,114605.14826418764,142473.71683825957
2025-09-18,128933.36315863735,114282.22072123532,142107.50980636157
2025-09-19,129217.20696128912,115312.1656398859,142679.06732806255
2025-09-20,129388.90251794289,114707.60205977334,143574.32735648556
2025-09-21,129583.21100500734,115437.49776834232,143311.76883177797
2025-09-22,129997.7476027345,114731.0740747584,144131.69400289343
2025-09-23,130187.30422825553,115421.28776827549,144485.40071538402
2025-09-24,130572.60933549675,116062.62129411983,144522.97664975392
2025-09-25,130694.98819795542,115688.09951091977,145163.70531537538
2025-09-26,130961.98833843088,115881.89547204724,145088.33844293698
2025-09-27,131102.88158344926,116057.11044092696,145360.43756564028
2025-09-28,131254.04953095238,116375.30442724789,145501.70608321973
2025-09-29,131615.0930436251,116699.49209261351,146279.7280122495
2025-09-30,131743.10586447135,116552.86258707936,146619.75358027284
2025-10-01,132061.3755812071,116214.30088360437,146675.70815293415
2025-10-02,132113.97694884732,116942.43019318768,146737.0652656113
2025-10-03,132311.32408124456,116583.37405092511,147662.37400772053
2025-10-04,132385.5950367683,116806.71280554027,147007.71484860507
2025-10-05,132476.03777618878,116754.85222514023,146770.84737100356
2025-10-06,132785.00037332062,117413.17641492,147919.57658175513
2025-10-07,132872.12785586357,117282.59897775933,147592.82957517778
2025-10-08,133162.9911295814,116548.12118777492,148090.07158802738
2025-10-09,133203.6151018093,116721.67508355796,148641.56931370607
2025-10-10,133405.97443912036,116553.71725802725,149030.6860199006
2025-10-11,133503.37216821287,116898.96899268319,149334.78620887443
2025-10-12,133635.7114908391,116817.36912710786,149587.8636033886
2025-10-13,134005.50475224084,118265.58208385462,149581.62924365944
2025-10-14,134172.06263245715,117982.44156377102,150197.00691721274
2025-10-15,134560.12931591686,118531.25282562137,151099.05477875881
2025-10-16,134714.43065668124,117651.4654423025,151141.04251199216
2025-10-17,135045.2032749377,118938.64014418409,151681.36146313613
2025-10-18,135283.6189061139,118642.24372763997,151940.8462867331
2025-10-19,135567.11312082523,118644.37215369627,152418.97738405855
2025-10-20,136095.46077198832,119173.79092783428,152421.2960832406
2025-10-21,136425.03936904203,118877.71610083018,153169.361600119
2025-10-22,136977.54403191473,119221.1378878421,153566.17507959987
2025-10-23,137294.6187659996,120140.07860200564,153749.06733480192
2025-10-24,137783.46960974732,119420.35812992121,154943.60030249765
2025-10-25,138172.37155337998,120202.43526897066,155368.02942107603
2025-10-26,138596.07595574064,120588.10779147904,155638.82256723233
2025-10-27,139251.95852603795,120870.23092694556,156411.66219757017
2025-10-28,139694.34694996607,121172.43360681689,157005.30576235722
2025-10-29,140343.289924375,122695.37071502004,157967.01940942867
2025-10-30,140739.23074168662,122733.63905755151,157908.2603030517
2025-10-31,141288.64971245977,122997.3497440136,158076.75770502366
2025-11-01,141719.58643697549,122327.08448359992,158760.16666960676
2025-11-02,142167.04816890578,123928.804593685,160274.39100282648
2025-11-03,142829.14427393128,123694.97510518509,160081.57791932698
2025-11-04,143261.38622325583,124696.14991849315,161304.41187774984
2025-11-05,143885.41566287645,124654.96923962615,161411.0649376193
2025-11-06,144243.62487236632,125215.5263615242,160827.06074491917
2025-11-07,144744.73543809063,125930.53385176025,163289.98942006298
2025-11-08,145119.248009319,125483.78116042435,163956.67905215136
2025-11-09,145504.77150656335,125752.06574403401,163592.1477277266
2025-11-10,146102.0741193853,125416.55199103568,165044.62351203503
2025-11-11,146469.29800900855,126586.00251459991,165653.55116262435
2025-11-12,147030.60280146933,127627.48074533619,165713.55439415062
2025-11-13,147330.7047253964,127552.82412539366,166484.94257783977
2025-11-14,147780.3796806712,128242.3298181949,167358.05721630502
2025-11-15,148111.84541631717,128312.52228145135,166289.23176789496
2025-11-16,148464.03327660722,128159.58666494551,167999.84935767777
2025-11-17,149038.59365950068,128710.041729504,168895.0316862994
2025-11-18,149394.07857187785,128871.97419192456,169389.62443717182
2025-11-19,149954.5674532748,128757.16856074228,169277.81647931674
2025-11-20,150264.20379039325,130452.82024061646,168973.66302764963
2025-11-21,150732.71103624874,129488.99896794253,170418.6914603319
2025-11-22,151090.8027892616,129882.98257147253,170485.50209615016
2025-11-23,151475.49702038852,130918.51248473502,171572.22598074508
2025-11-24,152086.1773894842,130974.14546727492,172027.21518682828
2025-11-25,152478.8435288917,130771.1368395392,172533.53487026592
2025-11-26,153074.81459616031,131603.4219489895,173139.7802691735
2025-11-27,153415.35143619817,131708.0614414221,173721.4940625916
2025-11-28,153907.26343296102,132952.5888003302,174437.27364368993
2025-11-29,154278.4123886329,132759.58408790966,174307.81696068932
2025-11-30,154663.12049134387,133203.21348211908,175307.31548802296
2025-12-01,155258.32265356366,133901.1577922176,175434.89531935388
2025-12-02,155617.9023872071,133482.81281686577,175854.64420763537
2025-12-03,156161.47293088978,134719.18706646864,177954.9879853479
2025-12-04,156429.06658406247,134484.1254407031,178411.5803846778
2025-12-05,156826.7962136559,134691.74817512397,178079.7040924466
2025-12-06,157082.39949078285,134687.97389570833,178371.86381004838
2025-12-07,157330.67152620677,134446.0932383855,178252.04308490932
2025-12-08,157769.62522570454,134642.21201182884,178636.92722741005
2025-12-09,157954.81803305596,135809.03143458028,179545.81379123335
2025-12-10,158308.10675899155,135749.25831487798,180534.4245402812
2025-12-11,158372.2939198195,134499.86999922636,180335.9147820694
2025-12-12,158556.73049777202,135779.23136754218,180156.78698513747
2025-12-13,158592.7870820202,135899.9992000051,180604.66117954397
2025-12-14,158619.2008802897,135604.1980054847,180644.71712934895
2025-12-15,158838.14011571606,135527.17488916893,181061.43132288763
2025-12-16,158809.42698434356,135580.714667589,181032.2418675643
2025-12-17,158959.18362605094,135294.14009477958,181045.12241830587
2025-12-18,158834.367458969,134208.11625558164,181335.41178622417
2025-12-19,158848.26380762423,135082.49268263386,181529.96841410818
2025-12-20,158735.85081061535,135550.95745206042,180835.55461706172
2025-12-21,158639.04704925604,135100.0363898472,181053.0025095147
2025-12-22,158762.6862056517,134825.60573895634,182288.16845735183
2025-12-23,158668.6624832412,135267.4353349982,181679.97613221058
2025-12-24,158784.513491579,133795.24067456851,182145.2854413686
2025-12-25,158657.9088216516,134856.27322991617,182718.54798886433
2025-12-26,158702.11369102972,134136.60767058184,182232.11133768063
2025-12-27,158651.34362391132,133782.99439379183,182210.43693752828
2025-12-28,158646.02108691458,134420.70124321178,183285.41662705573
2025-12-29,158888.778352325,134475.0064991638,182868.06674566452
2025-12-30,158938.6497667368,134281.47416177441,182320.45464427467
2025-12-31,159219.7190654206,133713.96517734142,182869.78981562343
2026-01-01,159275.6884169812,134735.79925854402,182133.7026699224
2026-01-02,159515.43659487242,134886.55833583308,183486.41880248862
2026-01-03,159668.47986858725,135302.511383278,184655.79332341746
2026-01-04,159870.34383602528,134542.8472484484,185157.3747573758
2026-01-05,160318.68751377356,134595.05617398868,185016.68130787075
2026-01-06,160567.6197313349,135291.3938345439,185205.23845852396
2026-01-07,161036.47024457014,135044.15080184396,185605.46422907407
2026-01-08,161264.47902110836,135556.30141182977,186042.54248360975
2026-01-09,161656.46794265218,135961.98708482395,186728.04514976087
2026-01-10,161938.4055303152,135755.62887741814,187015.2981290362
2026-01-11,162242.87017326857,136223.67754222415,188122.2429860552
2026-01-12,162765.2507555922,136872.77027571236,187676.07432451515
2026-01-13,163058.1226902881,136516.30307414755,189609.40417383835
2026-01-14,163540.06017833404,137708.65492256166,189443.37524251538
2026-01-15,163750.34703100138,137285.4488331985,189356.12667236256
2026-01-16,164094.64969870343,137105.58439246274,190273.78143792253
2026-01-17,164300.5630399467,138031.33734732727,190690.4542862884
2026-01-18,164503.03476907287,138455.02629147389,191702.67377280374
2026-01-19,164900.5084547629,137938.18844071476,190375.99548527712
2026-01-20,165049.22454745616,137201.66254617533,191976.03536234336
2026-01-21,165371.9421755203,137633.30198454554,191836.8276304874
2026-01-22,165412.54637122602,137649.11146800767,192445.87882361718
2026-01-23,165581.60703127133,138992.05263978385,192428.21440667674
2026-01-24,165611.8030741832,138800.6181807979,192108.63167484847
2026-01-25,165643.22085108404,137888.9965529243,193061.42933460636
2026-01-26,165879.36990548787,138283.33969949052,193279.3885728718
2026-01-27,165881.3588043176,138221.992858146,193339.53314635708
2026-01-28,166076.4969584084,138522.2214132257,193495.27440572085
2026-01-29,166012.79012278063,137721.89207051808,193801.70790993658
2026-01-30,166104.39868205716,137990.2201025383,193238.10438462452
2026-01-31,166086.97468269465,138454.77532281412,193409.0958130172
2026-02-01,166102.8888021986,138183.83200153336,193671.915674956
2026-02-02,166357.19206497798,138131.9158581436,194456.44858899838
2026-02-03,166411.75627879822,138182.2523941043,195073.73459981944
2026-02-04,166693.8598697597,138001.56138472853,194885.84841178884
2026-02-05,166750.6870573169,138224.95742421164,195468.35611461313
2026-02-06,166994.80921476855,137812.59923619754,195824.97035203132
2026-02-07,167159.56361690257,138803.9350099608,195574.43037029076
2026-02-08,167384.33952936015,139204.28100167608,196619.10528314512
2026-02-09,167870.61477513224,139152.22869750625,196501.34451077008
2026-02-10,168176.18468766208,138598.04590369202,196567.72693974926
2026-02-11,168723.84773240492,138983.27519000974,197544.68460201632
2026-02-12,169056.01307733697,138862.9391964279,197834.71898712215
2026-02-13,169580.2961053663,140530.8144139921,199175.8600719916
2026-02-14,170025.01410401092,139934.10288990126,200944.86996898873
2026-02-15,170524.58908676886,140238.9827656662,200429.55829135753
2026-02-16,171275.6979275271,141031.5696229557,201455.97353446347
2026-02-17,171831.60888741375,141298.43511040127,202115.10563182321
